patch_id,scene_id,split,group,date,tile,latitude,longitude,nearest_train_patch_km,beyond_100km_from_train
12-12-20_16PCC_0,12-12-20_16PCC,test,M006,2020-12-12,16PCC,16.013504596733796,-88.3228965067561,2.119946509109138,False
12-12-20_16PCC_11,12-12-20_16PCC,test,M006,2020-12-12,16PCC,15.759942440609256,-88.15398333544155,3.7932033844114765,False
12-12-20_16PCC_16,12-12-20_16PCC,test,M006,2020-12-12,16PCC,15.783207143848204,-88.13021743806617,4.418209350039385,False
12-12-20_16PCC_4,12-12-20_16PCC,test,M006,2020-12-12,16PCC,15.78255349773412,-88.24969888950294,2.8480184337789267,False
12-12-20_16PCC_5,12-12-20_16PCC,test,M006,2020-12-12,16PCC,15.759415089295306,-88.24955722471765,0.38276512716190103,False
12-12-20_16PCC_6,12-12-20_16PCC,test,M006,2020-12-12,16PCC,15.736276630539782,-88.24941579455219,2.3284492671106314,False
14-9-18_16PCC_11,14-9-18_16PCC,test,M011,2018-09-14,16PCC,16.103497756660808,-88.2679561824645,9.362148952816643,False
14-9-18_16PCC_17,14-9-18_16PCC,test,M011,2018-09-14,16PCC,15.7795672981906,-88.26592250757736,2.905030500603697,False
14-9-18_16PCC_20,14-9-18_16PCC,test,M011,2018-09-14,16PCC,15.895396686124524,-88.24273451097895,10.264837948233051,False
14-9-18_16PCC_23,14-9-18_16PCC,test,M011,2018-09-14,16PCC,15.89553283767235,-88.21882533620766,11.103715079698704,False
14-9-18_16PCC_31,14-9-18_16PCC,test,M011,2018-09-14,16PCC,15.803241537272688,-88.170472629695,3.4642475079041524,False
14-9-18_16PCC_42,14-9-18_16PCC,test,M011,2018-09-14,16PCC,16.012865250036775,-87.88458228682299,9.29214293474601,False
15-11-20_16PCC_1,15-11-20_16PCC,test,M013,2020-11-15,16PCC,15.919848883865471,-88.84287876544697,19.673022921382273,False
15-11-20_16PCC_16,15-11-20_16PCC,test,M013,2020-11-15,16PCC,15.991338563787044,-88.58044600789054,11.335590239625052,False
15-11-20_16PCC_18,15-11-20_16PCC,test,M013,2020-11-15,16PCC,15.898799674270672,-88.5797212068924,5.894304835978246,False
15-11-20_16PCC_22,15-11-20_16PCC,test,M013,2020-11-15,16PCC,15.99168494491049,-88.53261155057531,14.958064940625109,False
15-11-20_16PCC_3,15-11-20_16PCC,test,M013,2020-11-15,16PCC,15.98964826640546,-88.79568579718858,16.40304220811028,False
15-11-20_16PCC_6,15-11-20_16PCC,test,M013,2020-11-15,16PCC,15.828303762049083,-88.72256205761825,6.604576977527553,False
18-5-19_51PTS_0,18-5-19_51PTS,test,M018,2019-05-18,51PTS,14.583366215286858,120.84991010891274,1334.9970242612721,True
18-5-19_51PTS_1,18-5-19_51PTS,test,M018,2019-05-18,51PTS,14.560236202669858,120.85013442472368,1335.3726267376824,True
18-5-19_51PTS_2,18-5-19_51PTS,test,M018,2019-05-18,51PTS,14.583583661405878,120.87366038045651,1337.5259199372972,True
18-5-19_51PTS_3,18-5-19_51PTS,test,M018,2019-05-18,51PTS,14.560453289158389,120.873882223012,1337.900829436349,True
22-12-20_18QYF_0,22-12-20_18QYF,test,M026,2020-12-22,18QYF,18.850888995208003,-72.82087771510677,6.890360590277494,False
22-12-20_18QYF_1,22-12-20_18QYF,test,M026,2020-12-22,18QYF,18.85060316082337,-72.7965941011418,4.336172806280816,False
28-9-20_16PCC_11,28-9-20_16PCC,test,M039,2020-09-28,16PCC,15.83082976295944,-88.60533162062853,1.3794195027094038,False
28-9-20_16PCC_14,28-9-20_16PCC,test,M039,2020-09-28,16PCC,15.715155716721949,-88.60442185573343,11.252766186129106,False
28-9-20_16PCC_2,28-9-20_16PCC,test,M039,2020-09-28,16PCC,15.784019507364428,-88.67664216670904,0.5396394027421277,False
28-9-20_16PCC_4,28-9-20_16PCC,test,M039,2020-09-28,16PCC,15.853604859831403,-88.65331464548133,3.2534696996398917,False
28-9-20_16PCC_8,28-9-20_16PCC,test,M039,2020-09-28,16PCC,15.830651574425117,-88.62922913829584,3.7218333958170486,False
28-9-20_16PCC_9,28-9-20_16PCC,test,M039,2020-09-28,16PCC,15.807517141141664,-88.62904386778035,5.002155393453139,False
28-9-20_16PDC_1,28-9-20_16PDC,test,M039,2020-09-28,16PDC,15.920527421411444,-87.82737790045316,12.541175811211128,False
28-9-20_16PDC_10,28-9-20_16PDC,test,M039,2020-09-28,16PDC,15.920952659606485,-87.70780015019834,25.19897164478116,False
28-9-20_16PDC_13,28-9-20_16PDC,test,M039,2020-09-28,16PDC,16.245088416127473,-87.66103830047571,40.89154156863145,False
28-9-20_16PDC_19,28-9-20_16PDC,test,M039,2020-09-28,16PDC,16.10631193025985,-87.63663837092489,36.67617913389228,False
28-9-20_16PDC_21,28-9-20_16PDC,test,M039,2020-09-28,16PDC,15.898033795462666,-87.63597909066607,32.576612603516416,False
28-9-20_16PDC_9,28-9-20_16PDC,test,M039,2020-09-28,16PDC,15.944094483411805,-87.70788126450168,25.584132847833402,False
30-8-18_16PCC_1,30-8-18_16PCC,test,M048,2018-08-30,16PCC,15.947212289813912,-88.67911280896847,3.469353790208829,False
30-8-18_16PCC_17,30-8-18_16PCC,test,M048,2018-08-30,16PCC,15.78581721228851,-88.6060967253439,6.005583718496733,False
30-8-18_16PCC_22,30-8-18_16PCC,test,M048,2018-08-30,16PCC,16.040650136872827,-88.56027424453771,16.821530315572573,False
30-8-18_16PCC_28,30-8-18_16PCC,test,M048,2018-08-30,16PCC,15.764892488621935,-88.27143172198303,2.073859744501238,False
30-8-18_16PCC_35,30-8-18_16PCC,test,M048,2018-08-30,16PCC,15.788568648155731,-88.17598940808726,2.7236035248457715,False
30-8-18_16PCC_5,30-8-18_16PCC,test,M048,2018-08-30,16PCC,15.94739728771439,-88.65520213409127,2.7652653811995407,False
1-12-19_48MYU_0,1-12-19_48MYU,train,M000,2019-12-01,48MYU,-5.970694295632106,106.87921970868769,0.0,False
1-12-19_48MYU_1,1-12-19_48MYU,train,M000,2019-12-01,48MYU,-5.9706148140941675,106.90233774934144,0.0,False
1-12-19_48MYU_2,1-12-19_48MYU,train,M000,2019-12-01,48MYU,-5.993760562759735,106.90241777738264,0.0,False
1-12-19_48MYU_3,1-12-19_48MYU,train,M000,2019-12-01,48MYU,-6.016906290854227,106.90249812069858,0.0,False
14-12-20_18QYF_0,14-12-20_18QYF,train,M009,2020-12-14,18QYF,18.574810824658886,-72.39122024868774,0.0,False
14-12-20_18QYF_1,14-12-20_18QYF,train,M009,2020-12-14,18QYF,18.55169737533549,-72.39157176378987,0.0,False
14-12-20_18QYF_2,14-12-20_18QYF,train,M009,2020-12-14,18QYF,18.57447380190896,-72.36698368282508,0.0,False
14-12-20_18QYF_3,14-12-20_18QYF,train,M009,2020-12-14,18QYF,18.55136080168988,-72.36733845448143,0.0,False
15-10-20_18QYF_0,15-10-20_18QYF,train,M012,2020-10-15,18QYF,18.73907258764708,-72.53070348015524,0.0,False
15-10-20_18QYF_10,15-10-20_18QYF,train,M012,2020-10-15,18QYF,18.15549102760402,-72.31741192533521,0.0,False
15-10-20_18QYF_3,15-10-20_18QYF,train,M012,2020-10-15,18QYF,18.69219635642836,-72.4828633440347,0.0,False
15-10-20_18QYF_5,15-10-20_18QYF,train,M012,2020-10-15,18QYF,18.66809177768444,-72.41045127917313,0.0,False
15-10-20_18QYF_8,15-10-20_18QYF,train,M012,2020-10-15,18QYF,18.667755608250875,-72.38620112062668,0.0,False
15-10-20_18QYF_9,15-10-20_18QYF,train,M012,2020-10-15,18QYF,18.644642479346302,-72.38655520442036,0.0,False
15-9-20_18QYF_0,15-9-20_18QYF,train,M014,2020-09-15,18QYF,18.646776569985168,-72.70183013950644,0.0,False
15-9-20_18QYF_1,15-9-20_18QYF,train,M014,2020-09-15,18QYF,18.784882962691547,-72.65141076108179,0.0,False
15-9-20_18QYF_4,15-9-20_18QYF,train,M014,2020-09-15,18QYF,18.7380325967085,-72.60352207555819,0.0,False
15-9-20_18QYF_5,15-9-20_18QYF,train,M014,2020-09-15,18QYF,18.760836572929623,-72.57892860638745,0.0,False
15-9-20_18QYF_6,15-9-20_18QYF,train,M014,2020-09-15,18QYF,18.7836365118026,-72.55432853788679,0.0,False
15-9-20_18QYF_7,15-9-20_18QYF,train,M014,2020-09-15,18QYF,18.760520655529337,-72.55466207094122,0.0,False
19-3-20_18QYF_0,19-3-20_18QYF,train,M020,2020-03-19,18QYF,18.557604903105652,-72.53541046127847,0.0,False
19-3-20_18QYF_1,19-3-20_18QYF,train,M020,2020-03-19,18QYF,18.74220970395529,-72.50847563101512,0.0,False
19-3-20_18QYF_2,19-3-20_18QYF,train,M020,2020-03-19,18QYF,18.580402289381848,-72.51083807812434,0.0,False
19-3-20_18QYF_3,19-3-20_18QYF,train,M020,2020-03-19,18QYF,18.557286694040343,-72.51117359412973,0.0,False
19-3-20_18QYF_4,19-3-20_18QYF,train,M020,2020-03-19,18QYF,18.69499826589102,-72.43638659544276,0.0,False
19-3-20_18QYF_5,19-3-20_18QYF,train,M020,2020-03-19,18QYF,18.60187581228361,-72.38929261939728,0.0,False
20-10-20_18QYF_0,20-10-20_18QYF,train,M022,2020-10-20,18QYF,18.75772161268892,-72.63187668621116,0.0,False
20-10-20_18QYF_1,20-10-20_18QYF,train,M022,2020-10-20,18QYF,18.734604370435523,-72.63219917047046,0.0,False
20-10-20_18QYF_2,20-10-20_18QYF,train,M022,2020-10-20,18QYF,18.711178884969726,-72.60826073463717,0.0,False
20-10-20_18QYF_3,20-10-20_18QYF,train,M022,2020-10-20,18QYF,18.687751022530733,-72.58432887801429,0.0,False
22-3-20_18QWF_0,22-3-20_18QWF,train,M027,2020-03-22,18QWF,18.121058991689686,-74.29957088022614,0.0,False
22-3-20_18QWF_1,22-3-20_18QWF,train,M027,2020-03-22,18QWF,18.097922074009062,-74.29966281863516,0.0,False
22-3-20_18QWF_2,22-3-20_18QWF,train,M027,2020-03-22,18QWF,18.12096949623023,-74.27537391760524,0.0,False
22-3-20_18QWF_3,22-3-20_18QWF,train,M027,2020-03-22,18QWF,18.097832700506594,-74.2754690314445,0.0,False
22-3-20_18QWF_4,22-3-20_18QWF,train,M027,2020-03-22,18QWF,18.12078138962987,-74.2269804244917,0.0,False
22-3-20_18QWF_5,22-3-20_18QWF,train,M027,2020-03-22,18QWF,18.120682778650192,-74.20278390351015,0.0,False
23-1-21_18QYF_0,23-1-21_18QYF,train,M028,2021-01-23,18QYF,18.548425112646548,-72.86414390998391,0.0,False
23-1-21_18QYF_1,23-1-21_18QYF,train,M028,2021-01-23,18QYF,18.50162877648502,-72.81624925601763,0.0,False
23-1-21_18QYF_2,23-1-21_18QYF,train,M028,2021-01-23,18QYF,18.52446785580428,-72.79171868771725,0.0,False
23-9-20_16PCC_12,23-9-20_16PCC,train,M029,2020-09-23,16PCC,15.988838134578078,-88.1818250951183,0.0,False
23-9-20_16PCC_25,23-9-20_16PCC,train,M029,2020-09-23,16PCC,15.87376428131654,-88.06161065511152,0.0,False
23-9-20_16PCC_31,23-9-20_16PCC,train,M029,2020-09-23,16PCC,15.89745825039474,-87.94217570572482,0.0,False
23-9-20_16PCC_44,23-9-20_16PCC,train,M029,2020-09-23,16PCC,15.838855356277191,-88.59549890253888,0.0,False
23-9-20_16PCC_52,23-9-20_16PCC,train,M029,2020-09-23,16PCC,15.839029917299651,-88.57160002520591,0.0,False
23-9-20_16PCC_7,23-9-20_16PCC,train,M029,2020-09-23,16PCC,15.757050085741566,-88.25215611708552,0.0,False
24-11-19_48PZC_0,24-11-19_48PZC,train,M031,2019-11-24,48PZC,15.904458673994885,108.38258846737727,0.0,False
24-11-19_48PZC_1,24-11-19_48PZC,train,M031,2019-11-24,48PZC,15.904083149422716,108.40646202940484,0.0,False
24-11-19_48PZC_2,24-11-19_48PZC,train,M031,2019-11-24,48PZC,15.880980586814628,108.40607293859752,0.0,False
24-11-19_48PZC_4,24-11-19_48PZC,train,M031,2019-11-24,48PZC,15.903704995620943,108.43033495144688,0.0,False
24-11-19_48PZC_6,24-11-19_48PZC,train,M031,2019-11-24,48PZC,15.880222809184732,108.45381271097833,0.0,False
24-11-19_48PZC_7,24-11-19_48PZC,train,M031,2019-11-24,48PZC,15.879839983341087,108.47768162656315,0.0,False
24-4-19_36JUN_15,24-4-19_36JUN,train,M033,2019-04-24,36JUN,-29.679259652799427,31.200372933255707,0.0,False
24-4-19_36JUN_17,24-4-19_36JUN,train,M033,2019-04-24,36JUN,-29.840906360683427,31.197481256472248,0.0,False
24-4-19_36JUN_2,24-4-19_36JUN,train,M033,2019-04-24,36JUN,-29.83941746176321,31.091534968647835,0.0,False
24-4-19_36JUN_3,24-4-19_36JUN,train,M033,2019-04-24,36JUN,-29.862508121131984,31.09109558815321,0.0,False
24-4-19_36JUN_6,24-4-19_36JUN,train,M033,2019-04-24,36JUN,-29.747432732009123,31.119748929133067,0.0,False
24-4-19_36JUN_8,24-4-19_36JUN,train,M033,2019-04-24,36JUN,-29.862888660028815,31.117587500917775,0.0,False
24-8-20_16PCC_1,24-8-20_16PCC,train,M034,2020-08-24,16PCC,15.980136571605218,-88.28081788806715,0.0,False
24-8-20_16PCC_12,24-8-20_16PCC,train,M034,2020-08-24,16PCC,15.72628650927419,-88.15976609232837,0.0,False
24-8-20_16PCC_15,24-8-20_16PCC,train,M034,2020-08-24,16PCC,15.842232866281217,-88.11261684637834,0.0,False
24-8-20_16PCC_16,24-8-20_16PCC,train,M034,2020-08-24,16PCC,15.819093436795017,-88.11249021690469,0.0,False
24-8-20_16PCC_21,24-8-20_16PCC,train,M034,2020-08-24,16PCC,16.028043610376756,-87.97007882518719,0.0,False
24-8-20_16PCC_23,24-8-20_16PCC,train,M034,2020-08-24,16PCC,15.88920234945271,-87.96941092754149,0.0,False
25-5-19_48MXU_0,25-5-19_48MXU,train,M035,2019-05-25,48MXU,-5.842407447628257,105.98802045976032,0.0,False
25-5-19_48MXU_1,25-5-19_48MXU,train,M035,2019-05-25,48MXU,-5.86556268527795,105.98806113240435,0.0,False
25-5-19_48MXU_2,25-5-19_48MXU,train,M035,2019-05-25,48MXU,-5.888717903538774,105.98810196873237,0.0,False
25-5-19_48MXU_3,25-5-19_48MXU,train,M035,2019-05-25,48MXU,-5.842366322887043,106.01114231379589,0.0,False
25-5-19_48MXU_4,25-5-19_48MXU,train,M035,2019-05-25,48MXU,-5.84232424726718,106.0342640003526,0.0,False
26-2-18_16PCC_11,26-2-18_16PCC,train,M036,2018-02-26,16PCC,15.763282175680422,-88.29923583148476,0.0,False
26-2-18_16PCC_2,26-2-18_16PCC,train,M036,2018-02-26,16PCC,15.78379986154286,-88.68168024436801,0.0,False
26-2-18_16PCC_3,26-2-18_16PCC,train,M036,2018-02-26,16PCC,15.9227874159925,-88.65892299293719,0.0,False
26-2-18_16PCC_5,26-2-18_16PCC,train,M036,2018-02-26,16PCC,15.899835732507448,-88.63482789479414,0.0,False
26-2-18_16PCC_6,26-2-18_16PCC,train,M036,2018-02-26,16PCC,15.876701511421157,-88.63464113203331,0.0,False
26-2-18_16PCC_9,26-2-18_16PCC,train,M036,2018-02-26,16PCC,15.994513317833016,-88.32464033003151,0.0,False
29-11-20_18QYF_0,29-11-20_18QYF,train,M041,2020-11-29,18QYF,18.87485587903711,-72.75509740369759,0.0,False
29-11-20_18QYF_1,29-11-20_18QYF,train,M041,2020-11-29,18QYF,18.851736913194333,-72.75540517045782,0.0,False
29-11-20_18QYF_2,29-11-20_18QYF,train,M041,2020-11-29,18QYF,18.804908425233343,-72.70746777079259,0.0,False
29-11-20_18QYF_3,29-11-20_18QYF,train,M041,2020-11-29,18QYF,18.78118786568059,-72.65923766266225,0.0,False
29-11-20_18QYF_4,29-11-20_18QYF,train,M041,2020-11-29,18QYF,18.730515954040047,-72.69539116028851,0.0,False
29-11-20_18QYF_5,29-11-20_18QYF,train,M041,2020-11-29,18QYF,18.73021561710473,-72.67112689869174,0.0,False
3-1-21_18QYF_0,3-1-21_18QYF,train,M044,2021-01-03,18QYF,18.872039636282818,-72.7020019770883,0.0,False
3-1-21_18QYF_1,3-1-21_18QYF,train,M044,2021-01-03,18QYF,18.848921517716096,-72.70231696864491,0.0,False
3-1-21_18QYF_2,3-1-21_18QYF,train,M044,2021-01-03,18QYF,18.82580333676446,-72.70263150198235,0.0,False
3-1-21_18QYF_3,3-1-21_18QYF,train,M044,2021-01-03,18QYF,18.80238462519415,-72.67867086137322,0.0,False
3-1-21_18QYF_4,3-1-21_18QYF,train,M044,2021-01-03,18QYF,18.80208100473613,-72.6543966078226,0.0,False
4-12-20_18QYF_0,4-12-20_18QYF,train,M049,2020-12-04,18QYF,18.78195020490671,-72.72086502078776,0.0,False
4-12-20_18QYF_1,4-12-20_18QYF,train,M049,2020-12-04,18QYF,18.827586939533628,-72.67168516750836,0.0,False
4-12-20_18QYF_2,4-12-20_18QYF,train,M049,2020-12-04,18QYF,18.80446920764687,-72.67200350378384,0.0,False
4-12-20_18QYF_3,4-12-20_18QYF,train,M049,2020-12-04,18QYF,18.78135141337111,-72.67232137624794,0.0,False
4-12-20_18QYF_5,4-12-20_18QYF,train,M049,2020-12-04,18QYF,18.803546191313913,-72.59918160500312,0.0,False
4-12-20_18QYF_8,4-12-20_18QYF,train,M049,2020-12-04,18QYF,18.75668353604476,-72.55130437821201,0.0,False
4-9-19_16PCC_1,4-9-19_16PCC,train,M052,2019-09-04,16PCC,16.115566711165194,-88.41837658528064,0.0,False
4-9-19_16PCC_15,4-9-19_16PCC,train,M052,2019-09-04,16PCC,16.047474771076534,-88.20254676719854,0.0,False
4-9-19_16PCC_16,4-9-19_16PCC,train,M052,2019-09-04,16PCC,15.792951206285132,-88.20103317116384,0.0,False
4-9-19_16PCC_17,4-9-19_16PCC,train,M052,2019-09-04,16PCC,15.76981239714642,-88.20089692785653,0.0,False
4-9-19_16PCC_18,4-9-19_16PCC,train,M052,2019-09-04,16PCC,15.746673537754074,-88.20076091008046,0.0,False
4-9-19_16PCC_9,4-9-19_16PCC,train,M052,2019-09-04,16PCC,15.746266895754632,-88.27243576521057,0.0,False
8-3-18_16PEC_1,8-3-18_16PEC,train,M057,2018-03-08,16PEC,16.1765833062239,-86.78689828260366,0.0,False
8-3-18_16PEC_3,8-3-18_16PEC,train,M057,2018-03-08,16PEC,16.26900003834886,-86.66700285516151,0.0,False
8-3-18_16PEC_4,8-3-18_16PEC,train,M057,2018-03-08,16PEC,16.268874796815716,-86.59512606996209,0.0,False
8-3-18_16PEC_5,8-3-18_16PEC,train,M057,2018-03-08,16PEC,16.24568538156663,-86.57121748490356,0.0,False
8-3-18_16PEC_6,8-3-18_16PEC,train,M057,2018-03-08,16PEC,16.26872515724764,-86.52324997558462,0.0,False
8-3-18_16PEC_8,8-3-18_16PEC,train,M057,2018-03-08,16PEC,16.17571511088904,-86.35584345861251,0.0,False
8-3-18_16QED_1,8-3-18_16QED,train,M057,2018-03-08,16QED,16.508840079267035,-86.61993027635424,0.0,False
8-3-18_16QED_10,8-3-18_16QED,train,M057,2018-03-08,16QED,16.369488528917937,-86.40446297089285,0.0,False
8-3-18_16QED_13,8-3-18_16QED,train,M057,2018-03-08,16QED,16.438695866282046,-86.33231573969374,0.0,False
8-3-18_16QED_17,8-3-18_16QED,train,M057,2018-03-08,16QED,16.276113068777406,-86.16515837403003,0.0,False
8-3-18_16QED_3,8-3-18_16QED,train,M057,2018-03-08,16QED,16.50879507998721,-86.59594207396793,0.0,False
8-3-18_16QED_6,8-3-18_16QED,train,M057,2018-03-08,16QED,16.300367607149123,-86.52448397893747,0.0,False
14-3-20_18QYF_1,14-3-20_18QYF,val,M010,2020-03-14,18QYF,18.56110189589452,-72.49918678465605,1.3328738650694154,False
14-3-20_18QYF_2,14-3-20_18QYF,val,M010,2020-03-14,18QYF,18.560778977174987,-72.4749500954313,3.8381052806278824,False
14-3-20_18QYF_3,14-3-20_18QYF,val,M010,2020-03-14,18QYF,18.56012381910645,-72.42647822292061,3.797066919187466,False
14-3-20_18QYF_4,14-3-20_18QYF,val,M010,2020-03-14,18QYF,18.58290520666803,-72.4018928074144,1.4406521037218698,False
14-3-20_18QYF_6,14-3-20_18QYF,val,M010,2020-03-14,18QYF,18.582569414458384,-72.37765489010121,1.4406281127803782,False
14-3-20_18QYF_7,14-3-20_18QYF,val,M010,2020-03-14,18QYF,18.559456235410316,-72.37800839023716,1.4406300353540025,False
18-9-20_16PCC_15,18-9-20_16PCC,val,M019,2020-09-18,16PCC,15.933236835332591,-88.13366907212637,8.045448660333308,False
18-9-20_16PCC_27,18-9-20_16PCC,val,M019,2020-09-18,16PCC,15.910343491659258,-88.08571535289192,4.8155412032127325,False
18-9-20_16PCC_39,18-9-20_16PCC,val,M019,2020-09-18,16PCC,15.8412719970353,-88.01363074439024,6.276309509901116,False
18-9-20_16PCC_43,18-9-20_16PCC,val,M019,2020-09-18,16PCC,15.81834973671286,-87.96571130638611,5.820973736048943,False
18-9-20_16PCC_7,18-9-20_16PCC,val,M019,2020-09-18,16PCC,15.747469331230812,-88.25209741513481,1.0653512894035393,False
18-9-20_16PCC_78,18-9-20_16PCC,val,M019,2020-09-18,16PCC,16.143040753641852,-88.33460088737677,9.455858301459976,False
18-9-20_16PDC_10,18-9-20_16PDC,val,M019,2020-09-18,16PDC,16.117217400478218,-87.73149669767518,27.352724756517276,False
18-9-20_16PDC_25,18-9-20_16PDC,val,M019,2020-09-18,16PDC,16.140735808434435,-87.61187027057282,40.27099998671168,False
18-9-20_16PDC_29,18-9-20_16PDC,val,M019,2020-09-18,16PDC,16.14080317000673,-87.58792763622513,42.71170289247726,False
18-9-20_16PDC_4,18-9-20_16PDC,val,M019,2020-09-18,16PDC,15.908598810110778,-87.82639494095984,12.44332848210878,False
18-9-20_16PDC_7,18-9-20_16PDC,val,M019,2020-09-18,16PDC,15.908776505881894,-87.77856708704255,17.541387598982332,False
18-9-20_16PDC_9,18-9-20_16PDC,val,M019,2020-09-18,16PDC,15.93200298992527,-87.75473935216813,20.40790138453337,False
21-2-18_16PCC_0,21-2-18_16PCC,val,M025,2018-02-21,16PCC,15.777114792734546,-88.3136985031597,2.1819752247705075,False
21-2-18_16PCC_1,21-2-18_16PCC,val,M025,2018-02-21,16PCC,15.777257751355044,-88.28980389605297,1.8530152111842138,False
21-2-18_16PCC_3,21-2-18_16PCC,val,M025,2018-02-21,16PCC,15.800674237682772,-88.2421549395026,4.482871353660256,False
21-2-18_16PCC_4,21-2-18_16PCC,val,M025,2018-02-21,16PCC,15.731258776868303,-88.24173269943543,3.07719178205851,False
21-2-18_16PCC_5,21-2-18_16PCC,val,M025,2018-02-21,16PCC,15.800809536687597,-88.21825690841318,2.039530610431155,False
21-2-18_16PCC_6,21-2-18_16PCC,val,M025,2018-02-21,16PCC,15.893497100237688,-88.19490312765373,10.485915292138879,False
24-3-20_18QYF_0,24-3-20_18QYF,val,M032,2020-03-24,18QYF,18.46025947065505,-72.83210750829025,4.8946477099106485,False
24-3-20_18QYF_1,24-3-20_18QYF,val,M032,2020-03-24,18QYF,18.437138283171887,-72.83239771474587,7.3705019850686,False
29-12-20_18QYF_1,29-12-20_18QYF,val,M042,2020-12-29,18QYF,18.766594066248825,-72.60520457815365,2.8395870721139014,False
29-12-20_18QYF_11,29-12-20_18QYF,val,M042,2020-12-29,18QYF,18.695979327773863,-72.50915308953483,2.800835350013775,False
29-12-20_18QYF_12,29-12-20_18QYF,val,M042,2020-12-29,18QYF,18.695655438319516,-72.4848970900629,0.44026053722899483,False
29-12-20_18QYF_3,29-12-20_18QYF,val,M042,2020-12-29,18QYF,18.76628146605853,-72.58093674612539,0.6413001262907684,False
29-12-20_18QYF_7,29-12-20_18QYF,val,M042,2020-12-29,18QYF,18.742531312367745,-72.53273870638654,0.44027280144539055,False
29-12-20_18QYF_8,29-12-20_18QYF,val,M042,2020-12-29,18QYF,18.719415730408667,-72.53307439048226,2.1999594335720865,False
7-3-20_18QYG_1,7-3-20_18QYG,val,M056,2020-03-07,18QYG,19.240006776524385,-72.88235839055771,42.74924344605937,False
7-3-20_18QYG_10,7-3-20_18QYG,val,M056,2020-03-07,18QYG,19.285090929224975,-72.78437463723095,45.7197549369534,False
7-3-20_18QYG_11,7-3-20_18QYG,val,M056,2020-03-07,18QYG,19.23885406175476,-72.78499594355016,40.59660627964988,False
7-3-20_18QYG_12,7-3-20_18QYG,val,M056,2020-03-07,18QYG,19.192616941726538,-72.78561546790503,35.47879142011973,False
7-3-20_18QYG_7,7-3-20_18QYG,val,M056,2020-03-07,18QYG,19.239147088754994,-72.80933589927372,40.90653267939042,False
7-3-20_18QYG_8,7-3-20_18QYG,val,M056,2020-03-07,18QYG,19.216028181266378,-72.80964248440964,38.36744134716312,False
4-9-19_16PCC_32,4-9-19_16PCC,train,M052,2019-09-04,16PCC,15.863666741330189,-87.93846972528395,0.0,False
