patch_id,split,group,stac_id,valid_labelled_pixels,positive_pixels,excluded_labelled_pixels
12-12-20_16PCC_0,test,M006,S2A_T16PCC_20201212T162756_L2A,13,2,0
12-12-20_16PCC_11,test,M006,S2A_T16PCC_20201212T162756_L2A,3,2,0
12-12-20_16PCC_16,test,M006,S2A_T16PCC_20201212T162756_L2A,9,5,0
12-12-20_16PCC_4,test,M006,S2A_T16PCC_20201212T162756_L2A,176,0,0
12-12-20_16PCC_5,test,M006,S2A_T16PCC_20201212T162756_L2A,5413,0,0
12-12-20_16PCC_6,test,M006,S2A_T16PCC_20201212T162756_L2A,91,0,0
14-9-18_16PCC_11,test,M011,S2A_T16PCC_20180914T162534_L2A,484,0,0
14-9-18_16PCC_17,test,M011,S2A_T16PCC_20180914T162534_L2A,15692,0,0
14-9-18_16PCC_20,test,M011,S2A_T16PCC_20180914T162534_L2A,4,3,0
14-9-18_16PCC_23,test,M011,S2A_T16PCC_20180914T162534_L2A,5,3,0
14-9-18_16PCC_31,test,M011,S2A_T16PCC_20180914T162534_L2A,8,3,0
14-9-18_16PCC_42,test,M011,S2A_T16PCC_20180914T162534_L2A,559,0,0
15-11-20_16PCC_1,test,M013,S2A_T16PCC_20201115T163526_L2A,3,2,0
15-11-20_16PCC_16,test,M013,S2A_T16PCC_20201115T163526_L2A,7,1,0
15-11-20_16PCC_18,test,M013,S2A_T16PCC_20201115T163526_L2A,184,2,0
15-11-20_16PCC_22,test,M013,S2A_T16PCC_20201115T163526_L2A,5031,0,0
15-11-20_16PCC_3,test,M013,S2A_T16PCC_20201115T163526_L2A,560,0,0
15-11-20_16PCC_6,test,M013,S2A_T16PCC_20201115T163526_L2A,552,0,0
18-5-19_51PTS_0,test,M018,S2B_T51PTS_20190518T022132_L2A,5,4,0
18-5-19_51PTS_1,test,M018,S2B_T51PTS_20190518T022132_L2A,8,6,0
18-5-19_51PTS_2,test,M018,S2B_T51PTS_20190518T022132_L2A,7,0,0
18-5-19_51PTS_3,test,M018,S2B_T51PTS_20190518T022132_L2A,18,0,0
22-12-20_18QYF_0,test,M026,S2B_T18QYF_20201222T153615_L2A,114,28,0
22-12-20_18QYF_1,test,M026,S2B_T18QYF_20201222T153615_L2A,10,2,0
28-9-20_16PCC_11,test,M039,S2B_T16PCC_20200928T162839_L2A,113,0,0
28-9-20_16PCC_14,test,M039,S2B_T16PCC_20200928T162839_L2A,159,0,0
28-9-20_16PCC_2,test,M039,S2B_T16PCC_20200928T162839_L2A,19,0,0
28-9-20_16PCC_4,test,M039,S2B_T16PCC_20200928T162839_L2A,20,11,0
28-9-20_16PCC_8,test,M039,S2B_T16PCC_20200928T162839_L2A,18,10,0
28-9-20_16PCC_9,test,M039,S2B_T16PCC_20200928T162839_L2A,14,5,0
28-9-20_16PDC_1,test,M039,S2B_T16PDC_20200928T162839_L2A,58,0,0
28-9-20_16PDC_10,test,M039,S2B_T16PDC_20200928T162839_L2A,15025,0,0
28-9-20_16PDC_13,test,M039,S2B_T16PDC_20200928T162839_L2A,857,0,0
28-9-20_16PDC_19,test,M039,S2B_T16PDC_20200928T162839_L2A,30,0,0
28-9-20_16PDC_21,test,M039,S2B_T16PDC_20200928T162839_L2A,12,0,0
28-9-20_16PDC_9,test,M039,S2B_T16PDC_20200928T162839_L2A,13157,0,0
30-8-18_16PCC_1,test,M048,S2B_T16PCC_20180830T161630_L2A,2,2,2
30-8-18_16PCC_17,test,M048,S2B_T16PCC_20180830T161630_L2A,340,0,0
30-8-18_16PCC_22,test,M048,S2B_T16PCC_20180830T161630_L2A,394,0,0
30-8-18_16PCC_28,test,M048,S2B_T16PCC_20180830T161630_L2A,2088,0,0
30-8-18_16PCC_35,test,M048,S2B_T16PCC_20180830T161630_L2A,1017,4,0
30-8-18_16PCC_5,test,M048,S2B_T16PCC_20180830T161630_L2A,7,7,0
1-12-19_48MYU_0,train,M000,S2A_T48MYU_20191201T031728_L2A,529,0,0
1-12-19_48MYU_1,train,M000,S2A_T48MYU_20191201T031728_L2A,34,0,0
1-12-19_48MYU_2,train,M000,S2A_T48MYU_20191201T031728_L2A,33,7,0
1-12-19_48MYU_3,train,M000,S2A_T48MYU_20191201T031728_L2A,408,4,0
14-12-20_18QYF_0,train,M009,S2A_T18QYF_20201214T152636_L2A,204,27,0
14-12-20_18QYF_1,train,M009,S2A_T18QYF_20201214T152636_L2A,39,0,0
14-12-20_18QYF_2,train,M009,S2A_T18QYF_20201214T152636_L2A,77,0,0
14-12-20_18QYF_3,train,M009,S2A_T18QYF_20201214T152636_L2A,104,23,0
15-10-20_18QYF_0,train,M012,S2A_T18QYF_20201015T152645_L2A,32,0,0
15-10-20_18QYF_10,train,M012,S2A_T18QYF_20201015T152645_L2A,69,0,0
15-10-20_18QYF_3,train,M012,S2A_T18QYF_20201015T152645_L2A,89,0,0
15-10-20_18QYF_5,train,M012,S2A_T18QYF_20201015T152645_L2A,13,8,0
15-10-20_18QYF_8,train,M012,S2A_T18QYF_20201015T152645_L2A,100,14,0
15-10-20_18QYF_9,train,M012,S2A_T18QYF_20201015T152645_L2A,7,6,0
15-9-20_18QYF_0,train,M014,S2A_T18QYF_20200915T152643_L2A,35,0,0
15-9-20_18QYF_1,train,M014,S2A_T18QYF_20200915T152643_L2A,38,1,0
15-9-20_18QYF_4,train,M014,S2A_T18QYF_20200915T152643_L2A,27,23,0
15-9-20_18QYF_5,train,M014,S2A_T18QYF_20200915T152643_L2A,36,27,0
15-9-20_18QYF_6,train,M014,S2A_T18QYF_20200915T152643_L2A,128,53,0
15-9-20_18QYF_7,train,M014,S2A_T18QYF_20200915T152643_L2A,54,48,0
19-3-20_18QYF_0,train,M020,S2A_T18QYF_20200319T152635_L2A,41,27,0
19-3-20_18QYF_1,train,M020,S2A_T18QYF_20200319T152635_L2A,145,88,0
19-3-20_18QYF_2,train,M020,S2A_T18QYF_20200319T152635_L2A,1,0,0
19-3-20_18QYF_3,train,M020,S2A_T18QYF_20200319T152635_L2A,16,15,0
19-3-20_18QYF_4,train,M020,S2A_T18QYF_20200319T152635_L2A,68,0,0
19-3-20_18QYF_5,train,M020,S2A_T18QYF_20200319T152635_L2A,72,3,0
20-10-20_18QYF_0,train,M022,S2B_T18QYF_20201020T152642_L2A,404,0,0
20-10-20_18QYF_1,train,M022,S2B_T18QYF_20201020T152642_L2A,4083,0,0
20-10-20_18QYF_2,train,M022,S2B_T18QYF_20201020T152642_L2A,76,28,0
20-10-20_18QYF_3,train,M022,S2B_T18QYF_20201020T152642_L2A,81,0,0
22-3-20_18QWF_0,train,M027,S2A_T18QWF_20200322T153615_L2A,126,0,0
22-3-20_18QWF_1,train,M027,S2A_T18QWF_20200322T153615_L2A,325,0,0
22-3-20_18QWF_2,train,M027,S2A_T18QWF_20200322T153615_L2A,74,0,0
22-3-20_18QWF_3,train,M027,S2A_T18QWF_20200322T153615_L2A,558,0,0
22-3-20_18QWF_4,train,M027,S2A_T18QWF_20200322T153615_L2A,3,0,0
22-3-20_18QWF_5,train,M027,S2A_T18QWF_20200322T153615_L2A,699,0,0
23-1-21_18QYF_0,train,M028,S2A_T18QYF_20210123T152640_L2A,73,0,0
23-1-21_18QYF_1,train,M028,S2A_T18QYF_20210123T152640_L2A,72,0,0
23-1-21_18QYF_2,train,M028,S2A_T18QYF_20210123T152640_L2A,67,0,0
23-9-20_16PCC_12,train,M029,S2A_T16PCC_20200923T162342_L2A,749,0,0
23-9-20_16PCC_25,train,M029,S2A_T16PCC_20200923T162342_L2A,18,17,0
23-9-20_16PCC_31,train,M029,S2A_T16PCC_20200923T162342_L2A,354,0,0
23-9-20_16PCC_44,train,M029,S2A_T16PCC_20200923T162342_L2A,22,12,0
23-9-20_16PCC_52,train,M029,S2A_T16PCC_20200923T162342_L2A,13,10,0
23-9-20_16PCC_7,train,M029,S2A_T16PCC_20200923T162342_L2A,50303,0,0
24-11-19_48PZC_0,train,M031,S2A_T48PZC_20191124T032030_L2A,526,0,0
24-11-19_48PZC_1,train,M031,S2A_T48PZC_20191124T032030_L2A,2823,0,0
24-11-19_48PZC_2,train,M031,S2A_T48PZC_20191124T032030_L2A,268,0,0
24-11-19_48PZC_4,train,M031,S2A_T48PZC_20191124T032030_L2A,9,2,0
24-11-19_48PZC_6,train,M031,S2A_T48PZC_20191124T032030_L2A,192,0,0
24-11-19_48PZC_7,train,M031,S2A_T48PZC_20191124T032030_L2A,470,0,0
24-4-19_36JUN_15,train,M033,S2B_T36JUN_20190424T080529_L2A,11,11,0
24-4-19_36JUN_17,train,M033,S2B_T36JUN_20190424T080529_L2A,1452,0,0
24-4-19_36JUN_2,train,M033,S2B_T36JUN_20190424T080529_L2A,11,10,0
24-4-19_36JUN_3,train,M033,S2B_T36JUN_20190424T080529_L2A,264,13,0
24-4-19_36JUN_6,train,M033,S2B_T36JUN_20190424T080529_L2A,300,0,0
24-4-19_36JUN_8,train,M033,S2B_T36JUN_20190424T080529_L2A,648,4,0
24-8-20_16PCC_1,train,M034,S2A_T16PCC_20200824T162720_L2A,414,0,0
24-8-20_16PCC_12,train,M034,S2A_T16PCC_20200824T162720_L2A,73,20,0
24-8-20_16PCC_15,train,M034,S2A_T16PCC_20200824T162720_L2A,35,11,0
24-8-20_16PCC_16,train,M034,S2A_T16PCC_20200824T162720_L2A,4436,4,0
24-8-20_16PCC_21,train,M034,S2A_T16PCC_20200824T162720_L2A,69,0,0
24-8-20_16PCC_23,train,M034,S2A_T16PCC_20200824T162720_L2A,2336,0,0
25-5-19_48MXU_0,train,M035,S2A_T48MXU_20190525T030137_L2A,12,0,0
25-5-19_48MXU_1,train,M035,S2A_T48MXU_20190525T030137_L2A,195,5,0
25-5-19_48MXU_2,train,M035,S2A_T48MXU_20190525T030137_L2A,35,0,0
25-5-19_48MXU_3,train,M035,S2A_T48MXU_20190525T030137_L2A,8,5,0
25-5-19_48MXU_4,train,M035,S2A_T48MXU_20190525T030137_L2A,4,3,0
26-2-18_16PCC_11,train,M036,S2A_T16PCC_20180226T162545_L2A,2815,0,0
26-2-18_16PCC_2,train,M036,S2A_T16PCC_20180226T162545_L2A,83,0,0
26-2-18_16PCC_3,train,M036,S2A_T16PCC_20180226T162545_L2A,7,5,0
26-2-18_16PCC_5,train,M036,S2A_T16PCC_20180226T162545_L2A,11,7,0
26-2-18_16PCC_6,train,M036,S2A_T16PCC_20180226T162545_L2A,11,4,0
26-2-18_16PCC_9,train,M036,S2A_T16PCC_20180226T162545_L2A,466,0,0
29-11-20_18QYF_0,train,M041,S2B_T18QYF_20201129T152638_L2A,59,25,0
29-11-20_18QYF_1,train,M041,S2B_T18QYF_20201129T152638_L2A,7,2,0
29-11-20_18QYF_2,train,M041,S2B_T18QYF_20201129T152638_L2A,18,10,0
29-11-20_18QYF_3,train,M041,S2B_T18QYF_20201129T152638_L2A,6,3,0
29-11-20_18QYF_4,train,M041,S2B_T18QYF_20201129T152638_L2A,43,0,0
29-11-20_18QYF_5,train,M041,S2B_T18QYF_20201129T152638_L2A,17,7,0
3-1-21_18QYF_0,train,M044,S2A_T18QYF_20210103T152639_L2A,28,23,0
3-1-21_18QYF_1,train,M044,S2A_T18QYF_20210103T152639_L2A,99,72,0
3-1-21_18QYF_2,train,M044,S2A_T18QYF_20210103T152639_L2A,42,12,0
3-1-21_18QYF_3,train,M044,S2A_T18QYF_20210103T152639_L2A,25,0,0
3-1-21_18QYF_4,train,M044,S2A_T18QYF_20210103T152639_L2A,360,0,0
4-12-20_18QYF_0,train,M049,S2A_T18QYF_20201204T152637_L2A,2268,0,0
4-12-20_18QYF_1,train,M049,S2A_T18QYF_20201204T152637_L2A,119,0,0
4-12-20_18QYF_2,train,M049,S2A_T18QYF_20201204T152637_L2A,181,0,0
4-12-20_18QYF_3,train,M049,S2A_T18QYF_20201204T152637_L2A,6,5,0
4-12-20_18QYF_5,train,M049,S2A_T18QYF_20201204T152637_L2A,5,4,0
4-12-20_18QYF_8,train,M049,S2A_T18QYF_20201204T152637_L2A,28,27,0
4-9-19_16PCC_1,train,M052,S2B_T16PCC_20190904T162326_L2A,621,0,0
4-9-19_16PCC_15,train,M052,S2B_T16PCC_20190904T162326_L2A,312,0,0
4-9-19_16PCC_16,train,M052,S2B_T16PCC_20190904T162326_L2A,13,5,0
4-9-19_16PCC_17,train,M052,S2B_T16PCC_20190904T162326_L2A,13,1,0
4-9-19_16PCC_18,train,M052,S2B_T16PCC_20190904T162326_L2A,16,1,0
4-9-19_16PCC_9,train,M052,S2B_T16PCC_20190904T162326_L2A,2418,0,0
8-3-18_16PEC_1,train,M057,S2A_T16PEC_20180308T162637_L2A,644,0,0
8-3-18_16PEC_3,train,M057,S2A_T16PEC_20180308T162637_L2A,493,0,0
8-3-18_16PEC_4,train,M057,S2A_T16PEC_20180308T162637_L2A,381,0,0
8-3-18_16PEC_5,train,M057,S2A_T16PEC_20180308T162637_L2A,56,0,0
8-3-18_16PEC_6,train,M057,S2A_T16PEC_20180308T162637_L2A,155,0,0
8-3-18_16PEC_8,train,M057,S2A_T16PEC_20180308T162637_L2A,477,0,0
8-3-18_16QED_1,train,M057,S2A_T16QED_20180308T162637_L2A,361,0,0
8-3-18_16QED_10,train,M057,S2A_T16QED_20180308T162637_L2A,199,0,0
8-3-18_16QED_13,train,M057,S2A_T16QED_20180308T162637_L2A,583,0,0
8-3-18_16QED_17,train,M057,S2A_T16QED_20180308T162637_L2A,251,0,0
8-3-18_16QED_3,train,M057,S2A_T16QED_20180308T162637_L2A,364,0,0
8-3-18_16QED_6,train,M057,S2A_T16QED_20180308T162637_L2A,4267,0,0
14-3-20_18QYF_1,val,M010,S2B_T18QYF_20200314T152738_L2A,28,20,0
14-3-20_18QYF_2,val,M010,S2B_T18QYF_20200314T152738_L2A,55,31,0
14-3-20_18QYF_3,val,M010,S2B_T18QYF_20200314T152738_L2A,118,45,0
14-3-20_18QYF_4,val,M010,S2B_T18QYF_20200314T152738_L2A,229,99,0
14-3-20_18QYF_6,val,M010,S2B_T18QYF_20200314T152738_L2A,60,0,0
14-3-20_18QYF_7,val,M010,S2B_T18QYF_20200314T152738_L2A,91,0,0
18-9-20_16PCC_15,val,M019,S2B_T16PCC_20200918T161640_L2A,53,41,0
18-9-20_16PCC_27,val,M019,S2B_T16PCC_20200918T161640_L2A,56,45,0
18-9-20_16PCC_39,val,M019,S2B_T16PCC_20200918T161640_L2A,443,58,0
18-9-20_16PCC_43,val,M019,S2B_T16PCC_20200918T161640_L2A,358,0,0
18-9-20_16PCC_7,val,M019,S2B_T16PCC_20200918T161640_L2A,3978,0,0
18-9-20_16PCC_78,val,M019,S2B_T16PCC_20200918T161640_L2A,207,0,0
18-9-20_16PDC_10,val,M019,S2B_T16PDC_20200918T161640_L2A,17,7,0
18-9-20_16PDC_25,val,M019,S2B_T16PDC_20200918T161640_L2A,14,11,0
18-9-20_16PDC_29,val,M019,S2B_T16PDC_20200918T161640_L2A,5,5,0
18-9-20_16PDC_4,val,M019,S2B_T16PDC_20200918T161640_L2A,372,0,0
18-9-20_16PDC_7,val,M019,S2B_T16PDC_20200918T161640_L2A,17125,0,0
18-9-20_16PDC_9,val,M019,S2B_T16PDC_20200918T161640_L2A,3615,0,0
21-2-18_16PCC_0,val,M025,S2B_T16PCC_20180221T162331_L2A,287,0,0
21-2-18_16PCC_1,val,M025,S2B_T16PCC_20180221T162331_L2A,1252,0,0
21-2-18_16PCC_3,val,M025,S2B_T16PCC_20180221T162331_L2A,9,5,0
21-2-18_16PCC_4,val,M025,S2B_T16PCC_20180221T162331_L2A,144,0,0
21-2-18_16PCC_5,val,M025,S2B_T16PCC_20180221T162331_L2A,73,0,0
21-2-18_16PCC_6,val,M025,S2B_T16PCC_20180221T162331_L2A,804,0,0
24-3-20_18QYF_0,val,M032,S2B_T18QYF_20200324T152637_L2A,61,0,0
24-3-20_18QYF_1,val,M032,S2B_T18QYF_20200324T152637_L2A,33,0,0
29-12-20_18QYF_1,val,M042,S2B_T18QYF_20201229T152637_L2A,537,31,0
29-12-20_18QYF_11,val,M042,S2B_T18QYF_20201229T152637_L2A,229,12,0
29-12-20_18QYF_12,val,M042,S2B_T18QYF_20201229T152637_L2A,588,0,0
29-12-20_18QYF_3,val,M042,S2B_T18QYF_20201229T152637_L2A,467,85,0
29-12-20_18QYF_7,val,M042,S2B_T18QYF_20201229T152637_L2A,26,20,0
29-12-20_18QYF_8,val,M042,S2B_T18QYF_20201229T152637_L2A,53,43,0
7-3-20_18QYG_1,val,M056,S2B_T18QYG_20200307T153616_L2A,392,0,0
7-3-20_18QYG_10,val,M056,S2B_T18QYG_20200307T153616_L2A,197,0,0
7-3-20_18QYG_11,val,M056,S2B_T18QYG_20200307T153616_L2A,837,0,0
7-3-20_18QYG_12,val,M056,S2B_T18QYG_20200307T153616_L2A,45,23,0
7-3-20_18QYG_7,val,M056,S2B_T18QYG_20200307T153616_L2A,13,11,0
7-3-20_18QYG_8,val,M056,S2B_T18QYG_20200307T153616_L2A,36,20,0
4-9-19_16PCC_32,train,M052,S2B_T16PCC_20190904T162326_L2A,18,0,0
