split,class_id,source_pixels_before_validity_filter
test,1,104
test,2,43
test,3,113
test,4,5
test,5,177
test,6,6297
test,7,1415
test,8,43453
test,9,55
test,10,8946
test,11,62
test,12,152
test,13,662
test,14,787
test,15,17
train,1,742
train,2,357
train,3,346
train,4,56
train,5,784
train,6,12045
train,7,10058
train,8,52721
train,9,18
train,10,6255
train,11,5816
train,12,1461
train,13,365
train,14,2361
train,15,51
val,1,612
val,2,0
val,3,0
val,4,55
val,5,182
val,6,2348
val,7,1414
val,8,21254
val,9,171
val,10,5825
val,11,459
val,12,0
val,13,338
val,14,220
val,15,29
