split,class_scope,band,pixels,rhorc_median,l2a_median,median_shift,l2a_p01,l2a_p99
train,debris,B01,742,0.053242675960063934,0.05279999226331711,-0.004647672176361084,0.015099994838237762,0.08370798826217651
train,debris,B02,742,0.06398502737283707,0.0648999959230423,0.002596776932477951,0.020045993849635124,0.15795399248600006
train,debris,B03,742,0.053611285984516144,0.05819999426603317,0.005226003006100655,0.012073993682861328,0.16060000658035278
train,debris,B04,742,0.05039418488740921,0.04994998872280121,0.0005191843956708908,0.005522993393242359,0.1634719967842102
train,debris,B05,742,0.03380364179611206,0.03754999488592148,0.0037443991750478745,0.005632996559143066,0.16019698977470398
train,debris,B06,742,0.03456251695752144,0.03504998981952667,0.0003726845607161522,0.00438199657946825,0.15824900567531586
train,debris,B07,742,0.03751460090279579,0.03584999591112137,-0.0012803254649043083,0.006281994748860598,0.1766889989376068
train,debris,B08,742,0.05049429088830948,0.04934999346733093,0.0022305920720100403,0.007504997309297323,0.18619000911712646
train,debris,B8A,742,0.039677076041698456,0.034599997103214264,-0.0024495553225278854,0.005181995220482349,0.17856499552726746
train,debris,B11,742,0.012909077107906342,0.012999996542930603,-0.00027733948081731796,0.0003819959529209882,0.06071799248456955
train,debris,B12,742,0.007207503542304039,0.008699998259544373,0.001296919072046876,0.0004999935626983643,0.04649998992681503
train,background,B01,92694,0.06547005474567413,0.06210000067949295,-0.00342404842376709,0.016599997878074646,0.21729999780654907
train,background,B02,92694,0.07508046925067902,0.0737999901175499,-0.0014571771025657654,0.013399995863437653,0.20100000500679016
train,background,B03,92694,0.10241836309432983,0.11319998651742935,0.010551884770393372,0.012999996542930603,0.1744140088558197
train,background,B04,92694,0.11422552913427353,0.121799997985363,0.007454294711351395,0.002199992537498474,0.16359999775886536
train,background,B05,92694,0.09678024053573608,0.11749999970197678,0.02124304696917534,0.0035929938312619925,0.17339998483657837
train,background,B06,92694,0.064347043633461,0.06920000165700912,0.0038641169667243958,0.001399993896484375,0.1606999933719635
train,background,B07,92694,0.06969783455133438,0.06989999860525131,-0.00022906064987182617,0.001999996602535248,0.16249999403953552
train,background,B08,92694,0.053753964602947235,0.0560000017285347,0.0021241866052150726,0.00039999932050704956,0.1656000018119812
train,background,B8A,92694,0.051412183791399,0.04819998890161514,-0.002921905368566513,0.0008999928832054138,0.15599998831748962
train,background,B11,92694,0.0037028975784778595,0.002199992537498474,-0.0014029033482074738,0.00039999932050704956,0.13569998741149902
train,background,B12,92694,0.0024554680567234755,0.0020999982953071594,-0.00025523104704916477,9.99942421913147e-05,0.1143999919295311
val,debris,B01,612,0.03973491117358208,0.03449999541044235,-0.005862630903720856,0.025599993765354156,0.06120000034570694
val,debris,B02,612,0.05513849854469299,0.057499997317790985,0.0043090879917144775,0.03372199833393097,0.18880000710487366
val,debris,B03,612,0.04554454982280731,0.0486999973654747,0.004072023555636406,0.02415499836206436,0.1984899938106537
val,debris,B04,612,0.043662022799253464,0.04049999266862869,-0.0012109503149986267,0.012565995566546917,0.20492400228977203
val,debris,B05,612,0.02898051217198372,0.03339999169111252,0.0035469280555844307,0.010110992006957531,0.18230000138282776
val,debris,B06,612,0.029996614903211594,0.030699990689754486,0.0006428733468055725,0.008799992501735687,0.18090000748634338
val,debris,B07,612,0.03386235237121582,0.032899998128414154,-0.0012434497475624084,0.011421998962759972,0.1940000057220459
val,debris,B08,612,0.045283254235982895,0.0429999902844429,-0.0008034538477659225,0.011487998999655247,0.22402401268482208
val,debris,B8A,612,0.0352117158472538,0.031749993562698364,-0.002694232389330864,0.009121997281908989,0.20899999141693115
val,debris,B11,612,0.015970522537827492,0.01589999347925186,7.310975342988968e-05,0.0008999928832054138,0.11889999359846115
val,debris,B12,612,0.009452542290091515,0.011399999260902405,0.0017478261142969131,0.0009109930833801627,0.08019999414682388
val,background,B01,32295,0.07031477987766266,0.0713999941945076,0.001117117702960968,0.020087996497750282,0.09779999405145645
val,background,B02,32295,0.07980568706989288,0.08749999850988388,0.007770612835884094,0.018699996173381805,0.14404799044132233
val,background,B03,32295,0.10523641109466553,0.11979999393224716,0.013944700360298157,0.006599992513656616,0.14219999313354492
val,background,B04,32295,0.13617901504039764,0.14980000257492065,0.012688860297203064,0.00019999593496322632,0.1825999915599823
val,background,B05,32295,0.11951368302106857,0.15320000052452087,0.03317400813102722,-0.0005000010132789612,0.20230001211166382
val,background,B06,32295,0.08015056699514389,0.0916999951004982,0.011363662779331207,-0.0009000003337860107,0.17550000548362732
val,background,B07,32295,0.09076438099145889,0.0964999869465828,0.005780845880508423,0.00019999593496322632,0.18810001015663147
val,background,B08,32295,0.0693376362323761,0.07659999281167984,0.007303476333618164,-0.0005000010132789612,0.16620001196861267
val,background,B8A,32295,0.06643121689558029,0.06579998880624771,-0.0005124658346176147,-0.0005000010132789612,0.16589999198913574
val,background,B11,32295,0.022042065858840942,0.02369999885559082,0.0015575233846902847,0.0004999935626983643,0.099605992436409
val,background,B12,32295,0.016362078487873077,0.021799996495246887,0.005338158458471298,0.0008999928832054138,0.08760000020265579
test,debris,B01,102,0.04028991609811783,0.03294999897480011,-0.006569642573595047,0.021399997174739838,0.04519999772310257
test,debris,B02,102,0.0513775572180748,0.047099992632865906,-0.002270488068461418,0.030605988577008247,0.09504799544811249
test,debris,B03,102,0.043164413422346115,0.04244999587535858,-0.0007717721164226532,0.022604994475841522,0.10731898993253708
test,debris,B04,102,0.03971761837601662,0.035499997437000275,-0.005629468709230423,0.015641996636986732,0.112993985414505
test,debris,B05,102,0.023478709161281586,0.025199994444847107,0.0015412773936986923,0.010106991976499557,0.07440000027418137
test,debris,B06,102,0.02571001648902893,0.024349994957447052,-0.001265727449208498,0.006900997832417488,0.07079999893903732
test,debris,B07,102,0.02640543319284916,0.023099996149539948,-0.003153313882648945,0.0063139949925243855,0.06889999657869339
test,debris,B08,102,0.038087181746959686,0.03209999203681946,-0.004480158910155296,0.011405998840928078,0.11986999958753586
test,debris,B8A,102,0.02665533497929573,0.022399991750717163,-0.004309322685003281,0.009300993755459785,0.057197991758584976
test,debris,B11,102,0.012460766360163689,0.012099996209144592,-0.00031003542244434357,0.0039009989704936743,0.0315999910235405
test,debris,B12,102,0.0069524855352938175,0.008799992501735687,0.0014480957761406898,0.0019039949402213097,0.024491997435688972
test,background,B01,62184,0.05107729136943817,0.05039999634027481,-0.0005364008247852325,0.02369999885559082,0.09719999879598618
test,background,B02,62184,0.0591428317129612,0.06469999998807907,0.003570493310689926,0.022199995815753937,0.10499999672174454
test,background,B03,62184,0.08544938266277313,0.09719999879598618,0.010740958154201508,0.021099992096424103,0.13899999856948853
test,background,B04,62184,0.12800969183444977,0.13819998502731323,0.009647473692893982,0.012199997901916504,0.18160000443458557
test,background,B05,62184,0.11311487853527069,0.13999998569488525,0.026623521000146866,0.01279999315738678,0.19870001077651978
test,background,B06,62184,0.07392457872629166,0.08089999109506607,0.006645854562520981,0.00899999588727951,0.17149999737739563
test,background,B07,62184,0.08149348944425583,0.08329998701810837,0.002051539719104767,0.009899996221065521,0.1818000078201294
test,background,B08,62184,0.06314337998628616,0.06719999760389328,0.0038775913417339325,0.0067999958992004395,0.15939998626708984
test,background,B8A,62184,0.060207549482584,0.057499997317790985,-0.0021825693547725677,0.00518299825489521,0.15439999103546143
test,background,B11,62184,0.0048163761384785175,0.003899998962879181,-0.000715283676981926,0.00039999932050704956,0.09759999066591263
test,background,B12,62184,0.003055945737287402,0.0033999979496002197,0.00034438353031873703,9.99942421913147e-05,0.10409999638795853
