event_id,date,status,error,stac_id,acquisition_utc,tile_cloud_percent,item_url
S5:BURGAS:ML1:2021-09-13T09:00:00,2021-09-13,no_same_day_product,,,,,
S5:BURGAS:ML2:2021-09-13T09:20:00,2021-09-13,no_same_day_product,,,,,
S5:BURGAS:ML3:2021-09-13T09:50:00,2021-09-13,no_same_day_product,,,,,
S5:BURGAS:ML4:2021-09-13T10:10:00,2021-09-13,no_same_day_product,,,,,
S5:BURGAS:ML5:2021-09-14T09:10:00,2021-09-14,candidate_only_time_geometry_quality_unconfirmed,,S2B_T35TNG_20210914T085720_L2A,2021-09-14T09:08:41.124000Z,38.30817,https://earth-search.aws.element84.com/v1/collections/sentinel-2-c1-l2a/items/S2B_T35TNG_20210914T085720_L2A
S5:BURGAS:ML5:2021-09-14T09:10:00,2021-09-14,candidate_only_time_geometry_quality_unconfirmed,,S2B_T35TNH_20210914T085720_L2A,2021-09-14T09:08:26.466000Z,25.725874,https://earth-search.aws.element84.com/v1/collections/sentinel-2-c1-l2a/items/S2B_T35TNH_20210914T085720_L2A
S5:BURGAS:ML6:2021-09-14T09:30:00,2021-09-14,candidate_only_time_geometry_quality_unconfirmed,,S2B_T35TNH_20210914T085720_L2A,2021-09-14T09:08:26.466000Z,25.725874,https://earth-search.aws.element84.com/v1/collections/sentinel-2-c1-l2a/items/S2B_T35TNH_20210914T085720_L2A
S5:BURGAS:ML7:2021-09-14T09:50:00,2021-09-14,candidate_only_time_geometry_quality_unconfirmed,,S2B_T35TNH_20210914T085720_L2A,2021-09-14T09:08:26.466000Z,25.725874,https://earth-search.aws.element84.com/v1/collections/sentinel-2-c1-l2a/items/S2B_T35TNH_20210914T085720_L2A
S5:BURGAS:ML8:2021-09-14T10:20:00,2021-09-14,candidate_only_time_geometry_quality_unconfirmed,,S2B_T35TNH_20210914T085720_L2A,2021-09-14T09:08:26.466000Z,25.725874,https://earth-search.aws.element84.com/v1/collections/sentinel-2-c1-l2a/items/S2B_T35TNH_20210914T085720_L2A
S5:BURGAS:ML1:2021-11-05T09:00:00,2021-11-05,no_same_day_product,,,,,
S5:BURGAS:ML2:2021-11-05T09:20:00,2021-11-05,no_same_day_product,,,,,
S5:BURGAS:ML3:2021-11-05T09:50:00,2021-11-05,no_same_day_product,,,,,
S5:BURGAS:ML4:2021-11-05T10:10:00,2021-11-05,no_same_day_product,,,,,
S5:BURGAS:ML5:2021-11-04T09:10:00,2021-11-04,no_same_day_product,,,,,
S5:BURGAS:ML6:2021-11-04T09:30:00,2021-11-04,no_same_day_product,,,,,
S5:BURGAS:ML7:2021-11-04T09:50:00,2021-11-04,no_same_day_product,,,,,
S5:BURGAS:ML8:2021-11-04T10:20:00,2021-11-04,no_same_day_product,,,,,
S5:BURGAS:ML1:2022-02-11T09:00:00,2022-02-11,no_same_day_product,,,,,
S5:BURGAS:ML2:2022-02-11T09:20:00,2022-02-11,no_same_day_product,,,,,
S5:BURGAS:ML3:2022-02-11T09:50:00,2022-02-11,no_same_day_product,,,,,
S5:BURGAS:ML4:2022-02-11T10:10:00,2022-02-11,no_same_day_product,,,,,
S5:BURGAS:ML5:2022-02-10T09:10:00,2022-02-10,no_same_day_product,,,,,
S5:BURGAS:ML6:2022-02-10T09:30:00,2022-02-10,no_same_day_product,,,,,
S5:BURGAS:ML7:2022-02-10T09:50:00,2022-02-10,no_same_day_product,,,,,
S5:BURGAS:ML8:2022-02-10T10:20:00,2022-02-10,no_same_day_product,,,,,
S5:BURGAS:ML1:2022-04-05T09:00:00,2022-04-05,no_same_day_product,,,,,
S5:BURGAS:ML2:2022-04-05T09:20:00,2022-04-05,no_same_day_product,,,,,
S5:BURGAS:ML3:2022-04-05T09:50:00,2022-04-05,no_same_day_product,,,,,
S5:BURGAS:ML4:2022-04-05T10:10:00,2022-04-05,no_same_day_product,,,,,
S5:BURGAS:ML5:2022-04-06T09:10:00,2022-04-06,no_same_day_product,,,,,
S5:BURGAS:ML6:2022-04-06T09:30:00,2022-04-06,no_same_day_product,,,,,
S5:BURGAS:ML7:2022-04-06T09:50:00,2022-04-06,no_same_day_product,,,,,
S5:BURGAS:ML8:2022-04-06T10:20:00,2022-04-06,no_same_day_product,,,,,
S5:BURGAS:ML1:2022-06-01T09:00:00,2022-06-01,no_same_day_product,,,,,
S5:BURGAS:ML2:2022-06-01T09:20:00,2022-06-01,no_same_day_product,,,,,
S5:BURGAS:ML3:2022-06-01T09:50:00,2022-06-01,no_same_day_product,,,,,
S5:BURGAS:ML4:2022-06-01T10:10:00,2022-06-01,no_same_day_product,,,,,
S5:BURGAS:ML5:2022-06-02T09:10:00,2022-06-02,no_same_day_product,,,,,
S5:BURGAS:ML6:2022-06-02T09:30:00,2022-06-02,no_same_day_product,,,,,
S5:BURGAS:ML7:2022-06-02T09:50:00,2022-06-02,no_same_day_product,,,,,
S5:BURGAS:ML8:2022-06-02T10:20:00,2022-06-02,no_same_day_product,,,,,
S5:BURGAS:ML1:2022-09-01T09:00:00,2022-09-01,no_same_day_product,,,,,
S5:BURGAS:ML2:2022-09-01T09:20:00,2022-09-01,no_same_day_product,,,,,
S5:BURGAS:ML3:2022-09-01T09:50:00,2022-09-01,no_same_day_product,,,,,
S5:BURGAS:ML4:2022-09-01T10:10:00,2022-09-01,no_same_day_product,,,,,
S5:BURGAS:ML5:2022-09-02T09:10:00,2022-09-02,no_same_day_product,,,,,
S5:BURGAS:ML6:2022-09-02T09:30:00,2022-09-02,no_same_day_product,,,,,
S5:BURGAS:ML7:2022-09-02T09:50:00,2022-09-02,no_same_day_product,,,,,
S5:BURGAS:ML8:2022-09-02T10:20:00,2022-09-02,no_same_day_product,,,,,
S5:BURGAS:ML1:2022-11-22T09:00:00,2022-11-22,no_same_day_product,,,,,
S5:BURGAS:ML2:2022-11-22T09:20:00,2022-11-22,no_same_day_product,,,,,
S5:BURGAS:ML3:2022-11-22T09:50:00,2022-11-22,no_same_day_product,,,,,
S5:BURGAS:ML4:2022-11-22T10:10:00,2022-11-22,no_same_day_product,,,,,
S5:BURGAS:ML5:2022-11-23T09:10:00,2022-11-23,no_same_day_product,,,,,
S5:BURGAS:ML6:2022-11-23T09:30:00,2022-11-23,no_same_day_product,,,,,
S5:BURGAS:ML7:2022-11-23T09:50:00,2022-11-23,no_same_day_product,,,,,
S5:BURGAS:ML8:2022-11-23T10:20:00,2022-11-23,no_same_day_product,,,,,
S5:BURGAS:ML5:2023-04-29T09:10:00,2023-04-29,no_same_day_product,,,,,
S5:BURGAS:ML6:2023-04-29T09:30:00,2023-04-29,no_same_day_product,,,,,
S5:BURGAS:ML7:2023-04-29T09:50:00,2023-04-29,no_same_day_product,,,,,
S5:BURGAS:ML8:2023-04-29T10:20:00,2023-04-29,no_same_day_product,,,,,
S5:BURGAS:ML1:2023-06-27T09:00:00,2023-06-27,no_same_day_product,,,,,
S5:BURGAS:ML2:2023-06-27T09:20:00,2023-06-27,no_same_day_product,,,,,
S5:BURGAS:ML3:2023-06-27T09:50:00,2023-06-27,no_same_day_product,,,,,
S5:BURGAS:ML4:2023-06-27T10:10:00,2023-06-27,no_same_day_product,,,,,
S5:BURGAS:ML5:2023-06-28T09:10:00,2023-06-28,no_same_day_product,,,,,
S5:BURGAS:ML6:2023-06-28T09:30:00,2023-06-28,no_same_day_product,,,,,
S5:BURGAS:ML7:2023-06-28T09:50:00,2023-06-28,no_same_day_product,,,,,
S5:BURGAS:ML8:2023-06-28T10:20:00,2023-06-28,no_same_day_product,,,,,
S5:BURGAS:ML1:2023-09-13T09:00:00,2023-09-13,no_same_day_product,,,,,
S5:BURGAS:ML2:2023-09-13T09:20:00,2023-09-13,no_same_day_product,,,,,
S5:BURGAS:ML3:2023-09-13T09:50:00,2023-09-13,no_same_day_product,,,,,
S5:BURGAS:ML4:2023-09-13T10:10:00,2023-09-13,no_same_day_product,,,,,
S5:BURGAS:ML5:2023-09-12T09:10:00,2023-09-12,no_same_day_product,,,,,
S5:BURGAS:ML6:2023-09-12T09:30:00,2023-09-12,no_same_day_product,,,,,
S5:BURGAS:ML7:2023-09-12T09:50:00,2023-09-12,candidate_only_time_geometry_quality_unconfirmed,,S2A_T35TNH_20230912T091011_L2A,2023-09-12T09:18:31.281000Z,14.700484,https://earth-search.aws.element84.com/v1/collections/sentinel-2-c1-l2a/items/S2A_T35TNH_20230912T091011_L2A
S5:BURGAS:ML8:2023-09-12T10:20:00,2023-09-12,candidate_only_time_geometry_quality_unconfirmed,,S2A_T35TNH_20230912T091011_L2A,2023-09-12T09:18:31.281000Z,14.700484,https://earth-search.aws.element84.com/v1/collections/sentinel-2-c1-l2a/items/S2A_T35TNH_20230912T091011_L2A
S5:BURGAS:ML1:2023-11-21T09:00:00,2023-11-21,no_same_day_product,,,,,
S5:BURGAS:ML2:2023-11-21T09:20:00,2023-11-21,no_same_day_product,,,,,
S5:BURGAS:ML3:2023-11-21T09:50:00,2023-11-21,no_same_day_product,,,,,
S5:BURGAS:ML4:2023-11-21T10:10:00,2023-11-21,no_same_day_product,,,,,
S5:BURGAS:ML5:2023-11-22T09:10:00,2023-11-22,no_same_day_product,,,,,
S5:BURGAS:ML6:2023-11-22T09:30:00,2023-11-22,no_same_day_product,,,,,
S5:BURGAS:ML7:2023-11-22T09:50:00,2023-11-22,no_same_day_product,,,,,
S5:BURGAS:ML8:2023-11-22T10:20:00,2023-11-22,no_same_day_product,,,,,
