measurement_profile,variant,events,groups,MAE,RMSE,RMSLE,R2
S1_trawl_5_to_50,environment_only,83,55,331.04718744481085,461.0279478361599,0.710980662068213,0.14960333052425678
S1_trawl_5_to_50,location_season,83,55,316.3800213393822,450.76593595039867,0.6505695833029184,0.18703991609901405
S1_trawl_5_to_50,location_season_environment,83,55,311.33126738923744,447.50009213109104,0.6479461014011638,0.19877719517480885
S1_trawl_5_to_50,train_median,83,55,423.0632663975905,541.0367538515405,0.9088160858894546,-0.17117173127759755
S2_visual_GT2,environment_only,63,41,29.854699496859123,41.149838233411515,0.7757189491544381,0.08036541326035651
S2_visual_GT2,location_season,63,41,24.488927236025514,33.59324812676173,0.6942515885680763,0.38710930576248004
S2_visual_GT2,location_season_environment,63,41,28.720847506418227,39.362785644891346,0.7607049341922824,0.1585066616246842
S2_visual_GT2,train_median,63,41,34.03702473979444,47.24228675556292,0.8371698367149144,-0.21210670788797237
S3_visual_GT2,environment_only,41,8,20.58217279524963,37.57078939116912,0.7939787692343447,-0.16174603796716647
S3_visual_GT2,location_season,41,8,17.151480358186777,34.06090699233141,0.6581605946572362,0.045176769235058645
S3_visual_GT2,location_season_environment,41,8,20.286736479308292,37.29389728083428,0.7782282383639203,-0.1446852866513868
S3_visual_GT2,train_median,41,8,21.90731707317073,37.64585942314662,0.8192772832455454,-0.16639323558567543
S4_visual_GT2_5,environment_only,33,9,252.15555192099507,303.383217711902,1.165931215833647,-0.7601309449758615
S4_visual_GT2_5,location_season,33,9,182.81698618082768,256.30635815582906,0.8760686015689091,-0.2562631812122995
S4_visual_GT2_5,location_season_environment,33,9,242.62019049321236,300.72468984577273,1.1394249874781717,-0.7294182724319638
S4_visual_GT2_5,train_median,33,9,180.75575757575757,247.35835122593318,0.8574787159617993,-0.17007857419823513
