feature,split,train_n,other_n,standardized_mean_difference,ks_statistic
wind_speed_ms_instant,val,110,38,0.11011877540599668,0.22775119617224882
wind_speed_ms_instant,test,110,42,-0.1420067779117825,0.2082251082251082
wind_u_ms_instant,val,110,38,0.7222073421946832,0.4100478468899521
wind_u_ms_instant,test,110,42,0.6726231669831028,0.458008658008658
wind_v_ms_instant,val,110,38,-0.4147823133254142,0.22966507177033485
wind_v_ms_instant,test,110,42,-0.433953229402855,0.3852813852813852
wind_speed_ms_mean24h,val,110,38,-0.019719085249932617,0.3004784688995215
wind_speed_ms_mean24h,test,110,42,0.08968968501854539,0.3393939393939394
wind_u_ms_mean24h,val,110,38,0.6516649409395932,0.5478468899521531
wind_u_ms_mean24h,test,110,42,0.004652200111803974,0.36969696969696964
wind_v_ms_mean24h,val,110,38,0.08674032822117883,0.32392344497607656
wind_v_ms_mean24h,test,110,42,-0.11119476604245711,0.21168831168831165
wind_speed_ms_mean72h,val,110,38,-0.2255123039019307,0.17368421052631577
wind_speed_ms_mean72h,test,110,42,-0.41398485159042087,0.23246753246753238
wind_u_ms_mean72h,val,110,38,0.5794812989641416,0.4933014354066986
wind_u_ms_mean72h,test,110,42,0.3769715060019967,0.24025974025974028
wind_v_ms_mean72h,val,110,38,0.13489852190206675,0.28373205741626795
wind_v_ms_mean72h,test,110,42,-0.14747507798200452,0.18571428571428572
wave_height_m_instant,val,97,30,-0.07865403627914251,0.21786941580756014
wave_height_m_instant,test,97,42,-0.2711875351145305,0.2677957781050564
wave_period_s_instant,val,97,30,-0.26463511045864313,0.19725085910652917
wave_period_s_instant,test,97,42,0.059475128941099575,0.4629356897398134
wave_from_sin_instant,val,97,30,-0.5908870565661464,0.42817869415807563
wave_from_sin_instant,test,97,42,-0.22349931582544108,0.3917525773195877
wave_from_cos_instant,val,97,30,-0.031974311613638236,0.35910652920962205
wave_from_cos_instant,test,97,42,-0.12447581932496471,0.33382425135002447
wave_height_m_mean24h,val,97,30,-0.220072285737217,0.20824742268041235
wave_height_m_mean24h,test,97,42,-0.3989201073803485,0.3885616102110947
wave_period_s_mean24h,val,97,30,-0.35706746576464304,0.32096219931271475
wave_period_s_mean24h,test,97,42,-0.1566253800095556,0.3907707412862052
wave_from_sin_mean24h,val,97,30,-0.4740460994523777,0.3024054982817869
wave_from_sin_mean24h,test,97,42,-0.09848236374117197,0.3004418262150221
wave_from_cos_mean24h,val,97,30,-0.0790067520190522,0.2996563573883162
wave_from_cos_mean24h,test,97,42,-0.21374332191116704,0.38537064310260183
wave_height_m_mean72h,val,97,30,-0.35471666282987224,0.30103092783505153
wave_height_m_mean72h,test,97,42,-0.569598940799535,0.3608247422680413
wave_period_s_mean72h,val,97,30,-0.29043394409052214,0.23848797250859105
wave_period_s_mean72h,test,97,42,-0.17793685326916706,0.41237113402061853
wave_from_sin_mean72h,val,97,30,-0.6208966053784168,0.3333333333333333
wave_from_sin_mean72h,test,97,42,-0.263285260374757,0.20029455081001474
wave_from_cos_mean72h,val,97,30,0.10236195059815292,0.23608247422680406
wave_from_cos_mean72h,test,97,42,-0.14713034702040614,0.34560628375061364
current_u_ms_instant,val,110,38,0.42994371859199915,0.3004784688995215
current_u_ms_instant,test,110,41,0.36336227224653844,0.4689578713968957
current_v_ms_instant,val,110,38,0.33393569154782965,0.22105263157894736
current_v_ms_instant,test,110,41,0.43847721931628575,0.2933481152993348
current_speed_ms_instant,val,110,38,-0.48141960688922736,0.2827751196172248
current_speed_ms_instant,test,110,41,-0.5217898770155422,0.34079822616407984
current_u_ms_mean24h,val,110,38,0.5984548434564992,0.28755980861244024
current_u_ms_mean24h,test,110,41,0.5028609353144755,0.2776053215077605
current_v_ms_mean24h,val,110,38,0.2641167350362114,0.23923444976076555
current_v_ms_mean24h,test,110,41,0.30385779244145944,0.24789356984478936
current_speed_ms_mean24h,val,110,38,-0.48375753183435843,0.2909090909090909
current_speed_ms_mean24h,test,110,41,-0.43242455122498885,0.2804878048780488
current_u_ms_mean72h,val,110,38,0.7605423455773954,0.4143540669856459
current_u_ms_mean72h,test,110,41,0.7180022310665748,0.5283813747228381
current_v_ms_mean72h,val,110,38,-0.03311065494754692,0.23301435406698562
current_v_ms_mean72h,test,110,41,-0.07696807123233783,0.1660753880266075
current_speed_ms_mean72h,val,110,38,-0.4905795800876989,0.2976076555023923
current_speed_ms_mean72h,test,110,41,-0.5655303728969111,0.2929046563192905
