variant,split,threshold,pixels,positive_pixels,tp,fp,fn,tn,precision,recall,f1,iou,false_positive_rate,average_precision
spectral,val,0.6543289330961177,32907,612,380,31,232,32264,0.9245742092457421,0.6209150326797386,0.7429130009775171,0.5909797822706065,0.0009599009134540951,0.6920854394048935
spectral,test,0.6543289330961177,62286,102,65,9,37,62175,0.8783783783783784,0.6372549019607843,0.7386363636363636,0.5855855855855856,0.00014473176379776147,0.7371077502806269
spectral_wind,val,0.49513876699060816,32907,612,194,33,418,32262,0.8546255506607929,0.31699346405228757,0.46245530393325385,0.30077519379844964,0.0010218300046446818,0.4373366320208787
spectral_wind,test,0.49513876699060816,62286,102,44,867,58,61317,0.048298572996706916,0.43137254901960786,0.08687068114511352,0.04540763673890609,0.013942493245851022,0.32732740272941435
spectral_waves,val,0.2950574177795079,32907,612,266,128,346,32167,0.6751269035532995,0.434640522875817,0.5288270377733598,0.35945945945945945,0.003963461836197554,0.4877696593014261
spectral_waves,test,0.2950574177795079,62286,102,13,10,89,62174,0.5652173913043478,0.12745098039215685,0.208,0.11607142857142858,0.00016081307088640164,0.12798760677362997
spectral_currents,val,0.47083185114121695,32907,612,364,53,248,32242,0.8729016786570744,0.5947712418300654,0.7074829931972789,0.5473684210526316,0.0016411209165505497,0.6419094024796914
spectral_currents,test,0.47083185114121695,62286,102,47,2488,55,59696,0.01854043392504931,0.46078431372549017,0.03564656806977626,0.018146718146718147,0.04001029203653673,0.30679137823516506
spectral_all,val,0.3434825759232971,32907,612,365,314,247,31981,0.5375552282768777,0.5964052287581699,0.5654531371030209,0.3941684665226782,0.009722867316922124,0.5578146423432626
spectral_all,test,0.3434825759232971,62286,102,47,4184,55,58000,0.011108484991727724,0.46078431372549017,0.021693976459727673,0.010965935604293047,0.06728418885887046,0.28376781929567435
environment_only,val,0.7214015578487152,32907,612,195,386,417,31909,0.33562822719449226,0.31862745098039214,0.3269069572506287,0.19539078156312625,0.011952314599783248,0.1710926412887234
environment_only,test,0.7214015578487152,62286,102,0,0,102,62184,,0.0,0.0,0.0,0.0,0.07893201587028971
