measurement_profile,feature,events,spearman_rho
S1_trawl_5_to_50,wind_speed_ms_instant,83,-0.013791004376235382
S1_trawl_5_to_50,wind_u_ms_mean24h,83,0.17120847179793788
S1_trawl_5_to_50,wind_v_ms_mean24h,83,-0.44832417641099204
S1_trawl_5_to_50,wave_height_m_instant,83,-0.2962435983946791
S1_trawl_5_to_50,wave_period_s_instant,83,-0.4763555079704587
S1_trawl_5_to_50,current_u_ms_mean24h,83,0.32457337174716
S1_trawl_5_to_50,current_v_ms_mean24h,83,-0.04256837598805151
S1_trawl_5_to_50,current_speed_ms_instant,81,-0.2689536801426643
S2_visual_GT2,wind_speed_ms_instant,63,-0.22612661280782548
S2_visual_GT2,wind_u_ms_mean24h,63,0.3989535330261137
S2_visual_GT2,wind_v_ms_mean24h,63,0.3230126728110599
S2_visual_GT2,wave_height_m_instant,63,-0.0026412786119217615
S2_visual_GT2,wave_period_s_instant,63,0.3812348988153745
S2_visual_GT2,current_u_ms_mean24h,63,0.16028225806451613
S2_visual_GT2,current_v_ms_mean24h,63,0.16443649718562642
S2_visual_GT2,current_speed_ms_instant,62,-0.025509625919600577
S3_visual_GT2,wind_speed_ms_instant,41,0.08005575163306113
S3_visual_GT2,wind_u_ms_mean24h,41,0.09843205574912892
S3_visual_GT2,wind_v_ms_mean24h,41,0.3956445993031359
S3_visual_GT2,wave_height_m_instant,41,0.06057701816082204
S3_visual_GT2,wave_period_s_instant,41,0.09099247245792842
S3_visual_GT2,current_u_ms_mean24h,41,0.12212543554006969
S3_visual_GT2,current_v_ms_mean24h,41,0.5196219352461475
S3_visual_GT2,current_speed_ms_instant,40,0.2230769230769231
