dataset,product,split,model,class_id,pixels,predicted_debris,predicted_debris_rate
paired_test,rhorc,test,marida_frozen,1,28,28,1.0
paired_test,rhorc,test,marida_frozen,7,86,0,0.0
paired_test,rhorc,test,mados_only,1,28,28,1.0
paired_test,rhorc,test,mados_only,7,86,0,0.0
paired_test,rhorc,test,joint,1,28,28,1.0
paired_test,rhorc,test,joint,7,86,0,0.0
paired_test,L2A,test,marida_frozen,1,28,16,0.5714285714285714
paired_test,L2A,test,marida_frozen,7,86,0,0.0
paired_test,L2A,test,mados_only,1,28,9,0.32142857142857145
paired_test,L2A,test,mados_only,7,86,0,0.0
paired_test,L2A,test,joint,1,28,11,0.39285714285714285
paired_test,L2A,test,joint,7,86,0,0.0
paired_train,rhorc,train,marida_frozen,1,4,4,1.0
paired_train,rhorc,train,marida_frozen,7,2,0,0.0
paired_train,rhorc,train,mados_only,1,4,2,0.5
paired_train,rhorc,train,mados_only,7,2,0,0.0
paired_train,rhorc,train,joint,1,4,4,1.0
paired_train,rhorc,train,joint,7,2,0,0.0
paired_train,L2A,train,marida_frozen,1,4,2,0.5
paired_train,L2A,train,marida_frozen,7,2,0,0.0
paired_train,L2A,train,mados_only,1,4,1,0.25
paired_train,L2A,train,mados_only,7,2,0,0.0
paired_train,L2A,train,joint,1,4,1,0.25
paired_train,L2A,train,joint,7,2,0,0.0
marida_development_test,rhorc,development_test,marida_frozen,1,430,308,0.7162790697674418
marida_development_test,rhorc,development_test,marida_frozen,2,1889,4,0.0021175224986765486
marida_development_test,rhorc,development_test,marida_frozen,3,1120,2,0.0017857142857142857
marida_development_test,rhorc,development_test,marida_frozen,4,55,21,0.38181818181818183
marida_development_test,rhorc,development_test,marida_frozen,5,1178,59,0.0500848896434635
marida_development_test,rhorc,development_test,marida_frozen,6,36641,7,0.0001910428208837095
marida_development_test,rhorc,development_test,marida_frozen,7,26612,0,0.0
marida_development_test,rhorc,development_test,marida_frozen,8,155134,0,0.0
marida_development_test,rhorc,development_test,marida_frozen,9,429,52,0.12121212121212122
marida_development_test,rhorc,development_test,marida_frozen,10,47555,0,0.0
marida_development_test,rhorc,development_test,marida_frozen,11,2518,0,0.0
marida_development_test,rhorc,development_test,marida_frozen,12,1865,48,0.025737265415549597
marida_development_test,rhorc,development_test,marida_frozen,13,3919,0,0.0
marida_development_test,rhorc,development_test,marida_frozen,14,1581,30,0.018975332068311195
marida_development_test,rhorc,development_test,marida_frozen,15,95,0,0.0
marida_development_test,rhorc,development_test,mados_only,1,430,246,0.5720930232558139
marida_development_test,rhorc,development_test,mados_only,2,1889,0,0.0
marida_development_test,rhorc,development_test,mados_only,3,1120,3,0.0026785714285714286
marida_development_test,rhorc,development_test,mados_only,4,55,12,0.21818181818181817
marida_development_test,rhorc,development_test,mados_only,5,1178,28,0.023769100169779286
marida_development_test,rhorc,development_test,mados_only,6,36641,0,0.0
marida_development_test,rhorc,development_test,mados_only,7,26612,0,0.0
marida_development_test,rhorc,development_test,mados_only,8,155134,0,0.0
marida_development_test,rhorc,development_test,mados_only,9,429,10,0.023310023310023312
marida_development_test,rhorc,development_test,mados_only,10,47555,0,0.0
marida_development_test,rhorc,development_test,mados_only,11,2518,0,0.0
marida_development_test,rhorc,development_test,mados_only,12,1865,14,0.007506702412868633
marida_development_test,rhorc,development_test,mados_only,13,3919,0,0.0
marida_development_test,rhorc,development_test,mados_only,14,1581,7,0.004427577482605946
marida_development_test,rhorc,development_test,mados_only,15,95,0,0.0
marida_development_test,rhorc,development_test,joint,1,430,285,0.6627906976744186
marida_development_test,rhorc,development_test,joint,2,1889,1,0.0005293806246691371
marida_development_test,rhorc,development_test,joint,3,1120,2,0.0017857142857142857
marida_development_test,rhorc,development_test,joint,4,55,17,0.3090909090909091
marida_development_test,rhorc,development_test,joint,5,1178,32,0.027164685908319185
marida_development_test,rhorc,development_test,joint,6,36641,0,0.0
marida_development_test,rhorc,development_test,joint,7,26612,0,0.0
marida_development_test,rhorc,development_test,joint,8,155134,0,0.0
marida_development_test,rhorc,development_test,joint,9,429,22,0.05128205128205128
marida_development_test,rhorc,development_test,joint,10,47555,0,0.0
marida_development_test,rhorc,development_test,joint,11,2518,0,0.0
marida_development_test,rhorc,development_test,joint,12,1865,11,0.005898123324396783
marida_development_test,rhorc,development_test,joint,13,3919,0,0.0
marida_development_test,rhorc,development_test,joint,14,1581,13,0.008222643896268185
marida_development_test,rhorc,development_test,joint,15,95,0,0.0
mados_test,rhorc,development_test,marida_frozen,1,973,589,0.605344295991778
mados_test,rhorc,development_test,marida_frozen,2,1303,0,0.0
mados_test,rhorc,development_test,marida_frozen,3,1786,1,0.0005599104143337066
mados_test,rhorc,development_test,marida_frozen,4,278,19,0.0683453237410072
mados_test,rhorc,development_test,marida_frozen,5,3574,68,0.019026301063234472
mados_test,rhorc,development_test,marida_frozen,6,51528,0,0.0
mados_test,rhorc,development_test,marida_frozen,7,139465,0,0.0
mados_test,rhorc,development_test,marida_frozen,8,93254,0,0.0
mados_test,rhorc,development_test,marida_frozen,9,387,29,0.07493540051679587
mados_test,rhorc,development_test,marida_frozen,10,42168,0,0.0
mados_test,rhorc,development_test,marida_frozen,11,12732,0,0.0
mados_test,rhorc,development_test,marida_frozen,12,6401,136,0.02124668020621778
mados_test,rhorc,development_test,marida_frozen,13,4790,0,0.0
mados_test,rhorc,development_test,marida_frozen,14,274,9,0.032846715328467155
mados_test,rhorc,development_test,marida_frozen,15,2234,819,0.3666069829901522
mados_test,rhorc,development_test,mados_only,1,973,554,0.5693730729701952
mados_test,rhorc,development_test,mados_only,2,1303,0,0.0
mados_test,rhorc,development_test,mados_only,3,1786,2,0.0011198208286674132
mados_test,rhorc,development_test,mados_only,4,278,12,0.04316546762589928
mados_test,rhorc,development_test,mados_only,5,3574,31,0.008673754896474537
mados_test,rhorc,development_test,mados_only,6,51528,0,0.0
mados_test,rhorc,development_test,mados_only,7,139465,0,0.0
mados_test,rhorc,development_test,mados_only,8,93254,0,0.0
mados_test,rhorc,development_test,mados_only,9,387,4,0.0103359173126615
mados_test,rhorc,development_test,mados_only,10,42168,0,0.0
mados_test,rhorc,development_test,mados_only,11,12732,0,0.0
mados_test,rhorc,development_test,mados_only,12,6401,20,0.0031245117950320263
mados_test,rhorc,development_test,mados_only,13,4790,0,0.0
mados_test,rhorc,development_test,mados_only,14,274,41,0.14963503649635038
mados_test,rhorc,development_test,mados_only,15,2234,367,0.16427931960608774
mados_test,rhorc,development_test,joint,1,973,566,0.5817060637204522
mados_test,rhorc,development_test,joint,2,1303,0,0.0
mados_test,rhorc,development_test,joint,3,1786,2,0.0011198208286674132
mados_test,rhorc,development_test,joint,4,278,15,0.0539568345323741
mados_test,rhorc,development_test,joint,5,3574,34,0.009513150531617236
mados_test,rhorc,development_test,joint,6,51528,0,0.0
mados_test,rhorc,development_test,joint,7,139465,0,0.0
mados_test,rhorc,development_test,joint,8,93254,0,0.0
mados_test,rhorc,development_test,joint,9,387,11,0.028423772609819122
mados_test,rhorc,development_test,joint,10,42168,0,0.0
mados_test,rhorc,development_test,joint,11,12732,0,0.0
mados_test,rhorc,development_test,joint,12,6401,22,0.003436962974535229
mados_test,rhorc,development_test,joint,13,4790,0,0.0
mados_test,rhorc,development_test,joint,14,274,22,0.08029197080291971
mados_test,rhorc,development_test,joint,15,2234,350,0.1566696508504924
