path,sha256
data/processed/marida/annotated_pixels.npz,5da68f7834b601e526a99dd663c2279aa86392298107e6c917a4000e089b608b
data/processed/expansion/mados_pixels.npz,60c40dca7d1d0746e4ff0e9d739fb4d6dc557fd9cb2a83a497677870bf4c531c
data/processed/expansion/model_metadata.json,05d9f359836d6c40811cd53f3148c592277de9b5a74f0b99677ff29b3f8b590e
reports/marida/tables/split_membership.csv,f5006d7840c750ba929069bd9e36e2a7bec8e59b9f56255ef608c49d1933d9a0
reports/expansion/tables/mados_inventory.csv,d7adfe185c0c16911323579b02c4626d197770c62d32272c41ff6dd8d617e6df
reports/validation_bridge/tables/radiometry_pairs.csv,705b1aeceacab596d3bde6967ace9fe9fe90a83d6b5b34a0d388af5811809b63
reports/validation_bridge/tables/radiometry_differences.csv,66fa3774185d8096820d5e75e784d3a705bd8211280ef026ddc79ee52acf3798
reports/validation_bridge/tables/blacksea_scene_selection.csv,9dcc1964d316f336b30f1ace563845b6a7181620672ba8019c52f9573e55f8b5
reports/validation_bridge/tables/doors_transects_pending_geometry.csv,e4bca14f596b4fcb2566a447f1ccc0e8c095d712b78c543883bd625ee088af05
reports/validation_bridge/tables/doors_optical_primary_candidates.csv,d24f932ae94181e598b67088c5a4058c002ac847a3aa97862480f9fc1530cb45
reports/validation_bridge/tables/blacksea_holdout_registry.csv,d419bee6ac841e2cc241bb3389e2b37aeecc42956e20ac9f50305b1a39cb83ce
reports/validation_bridge/tables/doors_optical_satellite_candidates.csv,c5c380280e0d9b3610e69b88d69091295046c8e79dee16df07f24f4da68924ad
reports/validation_bridge/tables/reviewer_assignment_template.csv,f260991f8199010c279084ded6acafef453f294dc00b31a436a5f3e2c5dce484
reports/validation_bridge/tables/doors_optical_neighbours_NOT_JOINED.csv,058d004fca96a43a6e6fd6f3a8b65cb4d12be4121b25d57a99562a8d0fd50c27
reports/validation_bridge/tables/inputs_hashes.csv,16d9b8d6c747490c6e50e45f36cb4e1767c5a62534309147d26262f37b6a44f3
reports/validation_bridge/tables/source_manifest.csv,ff420616b4d72d091d6062e2cc102aeface284f42f527e770e4e6e8012e7b153
reports/validation_bridge/tables/doors_trios_rrs.csv,13ed992d76df629103d70f5f98c004ef595ab360353a38b002a4ecfdf9807b7c
reports/validation_bridge/tables/doors_micropro_aop.csv,932e3bad948d7d03cf10373eb95387fcf9e7c4dee92e77390ffc88946367e784
reports/validation_bridge/tables/radiometry_pooled_diagnostic.csv,773a14aad03d8ad171ce0a994e5372b9ef0ff797307823f9a1e26f5ff08a12ef
reports/validation_bridge/tables/doors_water_quality.csv,f8e545b69417388234373ef0c46d1610d29b09f19dff5239e1c61f1f4000c51c
reports/validation_bridge/tables/doors_spectral_quality.csv,b5d0c6494d78ee49c6c378c4710e7a2a985c8261773b13afd2a10d9f3a74e86f
reports/validation_bridge/tables/doors_case_coordinate_audit.csv,6cedf7b1a30f70282b170144f4e83385e2e0e812b78bbd42fd9c97785aff3b1f
reports/validation_bridge/tables/imagery_hashes.csv,1b27ffe46c01204234c9545b0d51078dd655680d339de7769fb6f302c1760621
reports/validation_bridge/tables/radiometry_stress_metrics.csv,8213cf9fa3ec99f5a15db8b71781f056d327c64d535dd0d795d0053e4dbc74ad
reports/validation_bridge/tables/romania_july2024_pending.csv,09326a39bd97cff03cf39ec7df18c2bae59055a5e79e474d81aec2a7e1794e84
data/external/validation-bridge/paired/24-4-19_36JUN_0/rhorc.tif,565499436a5000700a0603ffd216f8d35dfac2e84907ba214e8f5f4d1bee06cd
data/external/validation-bridge/paired/24-4-19_36JUN_0/scl.tif,46266f09bf1a7183af4aa6b0e8f842bfbade131b2eeef90dd158243a07cf0052
data/external/validation-bridge/paired/24-4-19_36JUN_0/reference_labels.tif,f26d8b8e081ada67127cbf17a332fe3987c09cfbeee88e80241d95be3673ba19
data/external/validation-bridge/paired/24-4-19_36JUN_0/l2a.tif,e10e96149a6651c661721695904c8cb8e3d45e7ebee9e4d0dd4140131d4fa43a
data/external/validation-bridge/paired/22-12-20_18QYF_0/rhorc.tif,061ea305ffcdcaa4b4cfd2136ff69be52e1165fee360f5e2b6655aa923a4d239
data/external/validation-bridge/paired/22-12-20_18QYF_0/scl.tif,32b68a29432b86fb767f0e4f2af629c3ba8be94eaacd727b3513b48e69cafba1
data/external/validation-bridge/paired/22-12-20_18QYF_0/reference_labels.tif,1b1b75f14992d1f23e3126c979e2f479ca4a64aa644a2611cb62d776fd9129af
data/external/validation-bridge/paired/22-12-20_18QYF_0/l2a.tif,540ca7ce0fc3c56cbac75749e82dd06e551f2beaf93e53e817441089df1830e5
data/external/validation-bridge/blacksea_holdout/constanta-2025-06/scl.tif,66b8340aed65f692166dd3518c685883a6c7da0887458e402c9599c8225c71b3
data/external/validation-bridge/blacksea_holdout/constanta-2025-06/labels.tif,37dc386b0d7e9b9809e46119cad8ea099fa09210e876004ee42ac93d0074aaee
data/external/validation-bridge/blacksea_holdout/constanta-2025-06/l2a.tif,731a4d56e81a2e7fa44e7746295fe397a7be07c4b67c2ab7ab5c8cd302105580
data/external/validation-bridge/blacksea_holdout/sinop-2025-09/scl.tif,fb6639ad936002c8ba9a8bdef9927838ac14b304dda5a06f9a108966c35e2fc4
data/external/validation-bridge/blacksea_holdout/sinop-2025-09/labels.tif,f497391211905f4fa87760abc2a15dc65da3f00eb75cae795b29d89db0a6777f
data/external/validation-bridge/blacksea_holdout/sinop-2025-09/l2a.tif,73b03d037cd27126d8daed99fa5c41ce7fc807b977d2c714a538fe2666ea4988
data/external/validation-bridge/blacksea_holdout/sinop-2025-06/scl.tif,f7f34f6fab2304356444dc33963e6ee76e3bee7db63176e11ec52d39bd1fdca2
data/external/validation-bridge/blacksea_holdout/sinop-2025-06/labels.tif,f497391211905f4fa87760abc2a15dc65da3f00eb75cae795b29d89db0a6777f
data/external/validation-bridge/blacksea_holdout/sinop-2025-06/l2a.tif,acb1862173735688c0f0ac6137cb6bf3e81a8a3c17fa81d1b4fac4ce853bc9e1
data/external/validation-bridge/blacksea_holdout/constanta-2025-09/scl.tif,0efd5f5256bb5d14d3641400d4a3ce01a74b04b86293ed8e571273eeb227758f
data/external/validation-bridge/blacksea_holdout/constanta-2025-09/labels.tif,37dc386b0d7e9b9809e46119cad8ea099fa09210e876004ee42ac93d0074aaee
data/external/validation-bridge/blacksea_holdout/constanta-2025-09/l2a.tif,46cac59b191b398b73fbaaa9296d07f54ef6c8be2692dea18af0d433cba4749b
data/external/validation-bridge/blacksea_holdout/novorossiysk-2025-06/scl.tif,bf967fd4fff61769f38b8b473ebaa52b07275394e71aa96fc3aed75e331222a1
data/external/validation-bridge/blacksea_holdout/novorossiysk-2025-06/labels.tif,2151bcc169dc89ad0667539f090b76d5dda9bb975381a04e9fb690e0a61c8ebe
data/external/validation-bridge/blacksea_holdout/novorossiysk-2025-06/l2a.tif,ea6680937c2f170653a94ae290f811d9b9705bbaaed9a73b3e2d492189c39b6e
data/external/validation-bridge/blacksea_holdout/burgas-2025-09/scl.tif,fa3441b91498be98f1cb5c9db66719650ba023c08e1e9c05bc16ad2b4d4dcdf4
data/external/validation-bridge/blacksea_holdout/burgas-2025-09/labels.tif,c6a8d73125d23b81bd8e6a3ee13e9d8d776101d0b38abe05450723a5b8477826
data/external/validation-bridge/blacksea_holdout/burgas-2025-09/l2a.tif,2bc4aeb5f3e6683d33ce575314a0f71660685e1c0a60175cb94441907ab933ff
data/external/validation-bridge/blacksea_holdout/novorossiysk-2025-09/scl.tif,eab80433c7ec498bf80d4603fc374675c74c2f1c21b182e8b69f47b34905e618
data/external/validation-bridge/blacksea_holdout/novorossiysk-2025-09/labels.tif,2151bcc169dc89ad0667539f090b76d5dda9bb975381a04e9fb690e0a61c8ebe
data/external/validation-bridge/blacksea_holdout/novorossiysk-2025-09/l2a.tif,7a672c237afb4a2cdf9ec4b567fdd3e5d093952350c23b4905f3136942f47dbc
data/external/validation-bridge/blacksea_holdout/burgas-2025-06/scl.tif,97aa9d7c154cc2435c4e9a18aa7f9c41a2148117fc8aad8900489b97447ecca2
data/external/validation-bridge/blacksea_holdout/burgas-2025-06/labels.tif,c6a8d73125d23b81bd8e6a3ee13e9d8d776101d0b38abe05450723a5b8477826
data/external/validation-bridge/blacksea_holdout/burgas-2025-06/l2a.tif,ae0cb46e738dc46e651e4e12a4b53bade72bfd7a9f8bae8d954fb10d3cde8bc5
data/external/validation-bridge/blacksea_holdout/sochi-2025-09/scl.tif,45c6a6be4a4d1222a0a4732619c674bb3e17a688dacba8bb90f9e9dffc59cce1
data/external/validation-bridge/blacksea_holdout/sochi-2025-09/labels.tif,40e233b3f085f1d014590e45b39fc460a69205f28895ab167b2cac471132f3fd
data/external/validation-bridge/blacksea_holdout/sochi-2025-09/l2a.tif,82be4bbf6b696f0a1f69b4fb2671568e40a00281789385e0fb8a6c6d9582a38d
data/external/validation-bridge/blacksea_holdout/sochi-2025-06/scl.tif,45c6a6be4a4d1222a0a4732619c674bb3e17a688dacba8bb90f9e9dffc59cce1
data/external/validation-bridge/blacksea_holdout/sochi-2025-06/labels.tif,40e233b3f085f1d014590e45b39fc460a69205f28895ab167b2cac471132f3fd
data/external/validation-bridge/blacksea_holdout/sochi-2025-06/l2a.tif,ceea2db1208c4d929b48d724d97a8fb60e402038cf06c1869b783c0b8d345dfc
data/external/validation-bridge/blacksea_holdout/batumi-2025-09/scl.tif,ccc714c337735224b08d8eaa4d3ff437dd276fecf77bad99d57d7383bde4515d
data/external/validation-bridge/blacksea_holdout/batumi-2025-09/labels.tif,3858b77c8bafc462632685a80477e80f40b9604947101363d72697ce4e716dd4
data/external/validation-bridge/blacksea_holdout/batumi-2025-09/l2a.tif,9c2eba8f0c859c52581b68c247f52cdc08aa87490b5b64509013aac688ebf39a
data/external/validation-bridge/blacksea_holdout/batumi-2025-06/scl.tif,ccc714c337735224b08d8eaa4d3ff437dd276fecf77bad99d57d7383bde4515d
data/external/validation-bridge/blacksea_holdout/batumi-2025-06/labels.tif,3858b77c8bafc462632685a80477e80f40b9604947101363d72697ce4e716dd4
data/external/validation-bridge/blacksea_holdout/batumi-2025-06/l2a.tif,2a692a391f73cbbc9bb128f8d4ac98996712ecd8b763fba69fe79f22c651417f
data/external/validation-bridge/blacksea_holdout/constanta-2025-06/reviewer_b/labels.tif,37dc386b0d7e9b9809e46119cad8ea099fa09210e876004ee42ac93d0074aaee
data/external/validation-bridge/blacksea_holdout/constanta-2025-06/reviewer_a/labels.tif,37dc386b0d7e9b9809e46119cad8ea099fa09210e876004ee42ac93d0074aaee
data/external/validation-bridge/blacksea_holdout/sinop-2025-09/reviewer_b/labels.tif,f497391211905f4fa87760abc2a15dc65da3f00eb75cae795b29d89db0a6777f
data/external/validation-bridge/blacksea_holdout/sinop-2025-09/reviewer_a/labels.tif,f497391211905f4fa87760abc2a15dc65da3f00eb75cae795b29d89db0a6777f
data/external/validation-bridge/blacksea_holdout/sinop-2025-06/reviewer_b/labels.tif,f497391211905f4fa87760abc2a15dc65da3f00eb75cae795b29d89db0a6777f
data/external/validation-bridge/blacksea_holdout/sinop-2025-06/reviewer_a/labels.tif,f497391211905f4fa87760abc2a15dc65da3f00eb75cae795b29d89db0a6777f
data/external/validation-bridge/blacksea_holdout/constanta-2025-09/reviewer_b/labels.tif,37dc386b0d7e9b9809e46119cad8ea099fa09210e876004ee42ac93d0074aaee
data/external/validation-bridge/blacksea_holdout/constanta-2025-09/reviewer_a/labels.tif,37dc386b0d7e9b9809e46119cad8ea099fa09210e876004ee42ac93d0074aaee
data/external/validation-bridge/blacksea_holdout/novorossiysk-2025-06/reviewer_b/labels.tif,2151bcc169dc89ad0667539f090b76d5dda9bb975381a04e9fb690e0a61c8ebe
data/external/validation-bridge/blacksea_holdout/novorossiysk-2025-06/reviewer_a/labels.tif,2151bcc169dc89ad0667539f090b76d5dda9bb975381a04e9fb690e0a61c8ebe
data/external/validation-bridge/blacksea_holdout/burgas-2025-09/reviewer_b/labels.tif,c6a8d73125d23b81bd8e6a3ee13e9d8d776101d0b38abe05450723a5b8477826
data/external/validation-bridge/blacksea_holdout/burgas-2025-09/reviewer_a/labels.tif,c6a8d73125d23b81bd8e6a3ee13e9d8d776101d0b38abe05450723a5b8477826
data/external/validation-bridge/blacksea_holdout/novorossiysk-2025-09/reviewer_b/labels.tif,2151bcc169dc89ad0667539f090b76d5dda9bb975381a04e9fb690e0a61c8ebe
data/external/validation-bridge/blacksea_holdout/novorossiysk-2025-09/reviewer_a/labels.tif,2151bcc169dc89ad0667539f090b76d5dda9bb975381a04e9fb690e0a61c8ebe
data/external/validation-bridge/blacksea_holdout/burgas-2025-06/reviewer_b/labels.tif,c6a8d73125d23b81bd8e6a3ee13e9d8d776101d0b38abe05450723a5b8477826
data/external/validation-bridge/blacksea_holdout/burgas-2025-06/reviewer_a/labels.tif,c6a8d73125d23b81bd8e6a3ee13e9d8d776101d0b38abe05450723a5b8477826
data/external/validation-bridge/blacksea_holdout/sochi-2025-09/reviewer_b/labels.tif,40e233b3f085f1d014590e45b39fc460a69205f28895ab167b2cac471132f3fd
data/external/validation-bridge/blacksea_holdout/sochi-2025-09/reviewer_a/labels.tif,40e233b3f085f1d014590e45b39fc460a69205f28895ab167b2cac471132f3fd
data/external/validation-bridge/blacksea_holdout/sochi-2025-06/reviewer_b/labels.tif,40e233b3f085f1d014590e45b39fc460a69205f28895ab167b2cac471132f3fd
data/external/validation-bridge/blacksea_holdout/sochi-2025-06/reviewer_a/labels.tif,40e233b3f085f1d014590e45b39fc460a69205f28895ab167b2cac471132f3fd
data/external/validation-bridge/blacksea_holdout/batumi-2025-09/reviewer_b/labels.tif,3858b77c8bafc462632685a80477e80f40b9604947101363d72697ce4e716dd4
data/external/validation-bridge/blacksea_holdout/batumi-2025-09/reviewer_a/labels.tif,3858b77c8bafc462632685a80477e80f40b9604947101363d72697ce4e716dd4
data/external/validation-bridge/blacksea_holdout/batumi-2025-06/reviewer_b/labels.tif,3858b77c8bafc462632685a80477e80f40b9604947101363d72697ce4e716dd4
data/external/validation-bridge/blacksea_holdout/batumi-2025-06/reviewer_a/labels.tif,3858b77c8bafc462632685a80477e80f40b9604947101363d72697ce4e716dd4
