band,train_water_p01,train_water_p99,train_water_median,pixels
B01,0.02559606544673443,0.07564576715230942,0.031729594,86462
B02,0.017701515927910805,0.06788256019353867,0.027734194,86462
B03,0.005709221586585045,0.05448503792285919,0.019380538,86462
B04,0.002628199988976121,0.04825576767325401,0.012050128,86462
B05,0.0016872641863301396,0.045096755027770996,0.009778261,86462
B06,0.002117996569722891,0.04632119834423065,0.0089415,86462
B07,0.002301942789927125,0.04911132138222451,0.009385254,86462
B08,0.0016337695997208357,0.04223930090665817,0.0076426193,86462
B8A,0.0017924917628988624,0.05006694793701172,0.008524597,86462
B11,0.000466625060653314,0.04113721989095206,0.004086507,86462
B12,0.0002453256456647068,0.03268102928996086,0.0028560464,86462
