dataset,product,split,model,threshold_mode,confidence_mode,groups,pixels,positive_pixels,threshold,tp,fp,fn,tn,precision,recall,f1,iou,false_positive_rate,average_precision
paired_test,rhorc,test,marida_frozen,frozen,all,1,114,28,0.6310449457633717,28,0,0,86,1.0,1.0,1.0,1.0,0.0,1.0
paired_test,rhorc,test,marida_frozen,frozen,high_only,1,105,19,0.6310449457633717,19,0,0,86,1.0,1.0,1.0,1.0,0.0,0.9999999999999998
paired_test,rhorc,test,marida_frozen,common_marida_threshold,all,1,114,28,0.6310449457633717,28,0,0,86,1.0,1.0,1.0,1.0,0.0,1.0
paired_test,rhorc,test,marida_frozen,common_marida_threshold,high_only,1,105,19,0.6310449457633717,19,0,0,86,1.0,1.0,1.0,1.0,0.0,0.9999999999999998
paired_test,rhorc,test,mados_only,frozen,all,1,114,28,0.7657879304730166,28,0,0,86,1.0,1.0,1.0,1.0,0.0,0.9999999999999999
paired_test,rhorc,test,mados_only,frozen,high_only,1,105,19,0.7657879304730166,19,0,0,86,1.0,1.0,1.0,1.0,0.0,0.9999999999999998
paired_test,rhorc,test,mados_only,common_marida_threshold,all,1,114,28,0.6310449457633717,28,0,0,86,1.0,1.0,1.0,1.0,0.0,0.9999999999999999
paired_test,rhorc,test,mados_only,common_marida_threshold,high_only,1,105,19,0.6310449457633717,19,0,0,86,1.0,1.0,1.0,1.0,0.0,0.9999999999999998
paired_test,rhorc,test,joint,frozen,all,1,114,28,0.781312983247877,28,0,0,86,1.0,1.0,1.0,1.0,0.0,0.9999999999999999
paired_test,rhorc,test,joint,frozen,high_only,1,105,19,0.781312983247877,19,0,0,86,1.0,1.0,1.0,1.0,0.0,0.9999999999999998
paired_test,rhorc,test,joint,common_marida_threshold,all,1,114,28,0.6310449457633717,28,0,0,86,1.0,1.0,1.0,1.0,0.0,0.9999999999999999
paired_test,rhorc,test,joint,common_marida_threshold,high_only,1,105,19,0.6310449457633717,19,0,0,86,1.0,1.0,1.0,1.0,0.0,0.9999999999999998
paired_test,L2A,test,marida_frozen,frozen,all,1,114,28,0.6310449457633717,16,0,12,86,1.0,0.5714285714285714,0.7272727272727273,0.5714285714285714,0.0,0.9999999999999999
paired_test,L2A,test,marida_frozen,frozen,high_only,1,105,19,0.6310449457633717,8,0,11,86,1.0,0.42105263157894735,0.5925925925925926,0.42105263157894735,0.0,0.9999999999999998
paired_test,L2A,test,marida_frozen,common_marida_threshold,all,1,114,28,0.6310449457633717,16,0,12,86,1.0,0.5714285714285714,0.7272727272727273,0.5714285714285714,0.0,0.9999999999999999
paired_test,L2A,test,marida_frozen,common_marida_threshold,high_only,1,105,19,0.6310449457633717,8,0,11,86,1.0,0.42105263157894735,0.5925925925925926,0.42105263157894735,0.0,0.9999999999999998
paired_test,L2A,test,mados_only,frozen,all,1,114,28,0.7657879304730166,9,0,19,86,1.0,0.32142857142857145,0.4864864864864865,0.32142857142857145,0.0,0.9999999999999999
paired_test,L2A,test,mados_only,frozen,high_only,1,105,19,0.7657879304730166,8,0,11,86,1.0,0.42105263157894735,0.5925925925925926,0.42105263157894735,0.0,0.9999999999999998
paired_test,L2A,test,mados_only,common_marida_threshold,all,1,114,28,0.6310449457633717,18,0,10,86,1.0,0.6428571428571429,0.782608695652174,0.6428571428571429,0.0,0.9999999999999999
paired_test,L2A,test,mados_only,common_marida_threshold,high_only,1,105,19,0.6310449457633717,11,0,8,86,1.0,0.5789473684210527,0.7333333333333333,0.5789473684210527,0.0,0.9999999999999998
paired_test,L2A,test,joint,frozen,all,1,114,28,0.781312983247877,11,0,17,86,1.0,0.39285714285714285,0.5641025641025641,0.39285714285714285,0.0,0.9999999999999999
paired_test,L2A,test,joint,frozen,high_only,1,105,19,0.781312983247877,8,0,11,86,1.0,0.42105263157894735,0.5925925925925926,0.42105263157894735,0.0,0.9999999999999998
paired_test,L2A,test,joint,common_marida_threshold,all,1,114,28,0.6310449457633717,18,0,10,86,1.0,0.6428571428571429,0.782608695652174,0.6428571428571429,0.0,0.9999999999999999
paired_test,L2A,test,joint,common_marida_threshold,high_only,1,105,19,0.6310449457633717,10,0,9,86,1.0,0.5263157894736842,0.6896551724137931,0.5263157894736842,0.0,0.9999999999999998
paired_train,rhorc,train,marida_frozen,frozen,all,1,6,4,0.6310449457633717,4,0,0,2,1.0,1.0,1.0,1.0,0.0,1.0
paired_train,rhorc,train,marida_frozen,frozen,high_only,1,2,0,0.6310449457633717,0,0,0,2,,,,,0.0,
paired_train,rhorc,train,marida_frozen,common_marida_threshold,all,1,6,4,0.6310449457633717,4,0,0,2,1.0,1.0,1.0,1.0,0.0,1.0
paired_train,rhorc,train,marida_frozen,common_marida_threshold,high_only,1,2,0,0.6310449457633717,0,0,0,2,,,,,0.0,
paired_train,rhorc,train,mados_only,frozen,all,1,6,4,0.7657879304730166,2,0,2,2,1.0,0.5,0.6666666666666666,0.5,0.0,1.0
paired_train,rhorc,train,mados_only,frozen,high_only,1,2,0,0.7657879304730166,0,0,0,2,,,,,0.0,
paired_train,rhorc,train,mados_only,common_marida_threshold,all,1,6,4,0.6310449457633717,3,0,1,2,1.0,0.75,0.8571428571428571,0.75,0.0,1.0
paired_train,rhorc,train,mados_only,common_marida_threshold,high_only,1,2,0,0.6310449457633717,0,0,0,2,,,,,0.0,
paired_train,rhorc,train,joint,frozen,all,1,6,4,0.781312983247877,4,0,0,2,1.0,1.0,1.0,1.0,0.0,1.0
paired_train,rhorc,train,joint,frozen,high_only,1,2,0,0.781312983247877,0,0,0,2,,,,,0.0,
paired_train,rhorc,train,joint,common_marida_threshold,all,1,6,4,0.6310449457633717,4,0,0,2,1.0,1.0,1.0,1.0,0.0,1.0
paired_train,rhorc,train,joint,common_marida_threshold,high_only,1,2,0,0.6310449457633717,0,0,0,2,,,,,0.0,
paired_train,L2A,train,marida_frozen,frozen,all,1,6,4,0.6310449457633717,2,0,2,2,1.0,0.5,0.6666666666666666,0.5,0.0,1.0
paired_train,L2A,train,marida_frozen,frozen,high_only,1,2,0,0.6310449457633717,0,0,0,2,,,,,0.0,
paired_train,L2A,train,marida_frozen,common_marida_threshold,all,1,6,4,0.6310449457633717,2,0,2,2,1.0,0.5,0.6666666666666666,0.5,0.0,1.0
paired_train,L2A,train,marida_frozen,common_marida_threshold,high_only,1,2,0,0.6310449457633717,0,0,0,2,,,,,0.0,
paired_train,L2A,train,mados_only,frozen,all,1,6,4,0.7657879304730166,1,0,3,2,1.0,0.25,0.4,0.25,0.0,1.0
paired_train,L2A,train,mados_only,frozen,high_only,1,2,0,0.7657879304730166,0,0,0,2,,,,,0.0,
paired_train,L2A,train,mados_only,common_marida_threshold,all,1,6,4,0.6310449457633717,2,0,2,2,1.0,0.5,0.6666666666666666,0.5,0.0,1.0
paired_train,L2A,train,mados_only,common_marida_threshold,high_only,1,2,0,0.6310449457633717,0,0,0,2,,,,,0.0,
paired_train,L2A,train,joint,frozen,all,1,6,4,0.781312983247877,1,0,3,2,1.0,0.25,0.4,0.25,0.0,1.0
paired_train,L2A,train,joint,frozen,high_only,1,2,0,0.781312983247877,0,0,0,2,,,,,0.0,
paired_train,L2A,train,joint,common_marida_threshold,all,1,6,4,0.6310449457633717,2,0,2,2,1.0,0.5,0.6666666666666666,0.5,0.0,1.0
paired_train,L2A,train,joint,common_marida_threshold,high_only,1,2,0,0.6310449457633717,0,0,0,2,,,,,0.0,
marida_development_test,rhorc,development_test,marida_frozen,frozen,all,15,281021,430,0.6310449457633717,308,223,122,280368,0.5800376647834274,0.7162790697674418,0.6409989594172737,0.47166921898928027,0.0007947510789725971,0.6701572207027272
marida_development_test,rhorc,development_test,marida_frozen,frozen,high_only,15,279675,129,0.6310449457633717,105,148,24,279398,0.4150197628458498,0.813953488372093,0.5497382198952879,0.37906137184115524,0.0005294298612750674,0.610012049599636
marida_development_test,rhorc,development_test,marida_frozen,common_marida_threshold,all,15,281021,430,0.6310449457633717,308,223,122,280368,0.5800376647834274,0.7162790697674418,0.6409989594172737,0.47166921898928027,0.0007947510789725971,0.6701572207027272
marida_development_test,rhorc,development_test,marida_frozen,common_marida_threshold,high_only,15,279675,129,0.6310449457633717,105,148,24,279398,0.4150197628458498,0.813953488372093,0.5497382198952879,0.37906137184115524,0.0005294298612750674,0.610012049599636
marida_development_test,rhorc,development_test,mados_only,frozen,all,15,281021,430,0.7657879304730166,246,74,184,280517,0.76875,0.5720930232558139,0.656,0.4880952380952381,0.00026372905759628786,0.7362496842350835
marida_development_test,rhorc,development_test,mados_only,frozen,high_only,15,279675,129,0.7657879304730166,74,44,55,279502,0.6271186440677966,0.5736434108527132,0.5991902834008097,0.4277456647398844,0.0001573980668655606,0.660270839238295
marida_development_test,rhorc,development_test,mados_only,common_marida_threshold,all,15,281021,430,0.6310449457633717,310,196,120,280395,0.6126482213438735,0.7209302325581395,0.6623931623931624,0.4952076677316294,0.0006985256120117894,0.7362496842350835
marida_development_test,rhorc,development_test,mados_only,common_marida_threshold,high_only,15,279675,129,0.6310449457633717,94,134,35,279412,0.41228070175438597,0.7286821705426356,0.5266106442577031,0.3574144486692015,0.00047934865818147996,0.660270839238295
marida_development_test,rhorc,development_test,joint,frozen,all,15,281021,430,0.781312983247877,285,98,145,280493,0.7441253263707572,0.6627906976744186,0.7011070110701108,0.5397727272727273,0.0003492628060058947,0.7613986613539314
marida_development_test,rhorc,development_test,joint,frozen,high_only,15,279675,129,0.781312983247877,91,68,38,279478,0.5723270440251572,0.7054263565891473,0.6319444444444444,0.4619289340101523,0.0002432515578831391,0.7072696597851127
marida_development_test,rhorc,development_test,joint,common_marida_threshold,all,15,281021,430,0.6310449457633717,335,243,95,280348,0.5795847750865052,0.7790697674418605,0.6646825396825397,0.49777117384843983,0.0008660292026472696,0.7613986613539314
marida_development_test,rhorc,development_test,joint,common_marida_threshold,high_only,15,279675,129,0.6310449457633717,106,168,23,279378,0.38686131386861317,0.8217054263565892,0.5260545905707196,0.3569023569023569,0.0006009744371230496,0.7072696597851127
mados_test,rhorc,development_test,marida_frozen,frozen,all,42,361147,973,0.6310449457633717,589,1081,384,359093,0.3526946107784431,0.605344295991778,0.4457056375331063,0.28675754625121713,0.0030013271363285524,0.3864615326679326
mados_test,rhorc,development_test,marida_frozen,frozen,high_only,41,353437,587,0.6310449457633717,349,1011,238,351839,0.2566176470588235,0.5945485519591142,0.35850025680534153,0.21839799749687108,0.0028652401870483206,0.3054658512408686
mados_test,rhorc,development_test,marida_frozen,common_marida_threshold,all,42,361147,973,0.6310449457633717,589,1081,384,359093,0.3526946107784431,0.605344295991778,0.4457056375331063,0.28675754625121713,0.0030013271363285524,0.3864615326679326
mados_test,rhorc,development_test,marida_frozen,common_marida_threshold,high_only,41,353437,587,0.6310449457633717,349,1011,238,351839,0.2566176470588235,0.5945485519591142,0.35850025680534153,0.21839799749687108,0.0028652401870483206,0.3054658512408686
mados_test,rhorc,development_test,mados_only,frozen,all,42,361147,973,0.7657879304730166,554,477,419,359697,0.5373423860329777,0.5693730729701952,0.5528942115768463,0.3820689655172414,0.0013243598927185193,0.5594289945586872
mados_test,rhorc,development_test,mados_only,frozen,high_only,41,353437,587,0.7657879304730166,320,409,267,352441,0.438957475994513,0.545144804088586,0.48632218844984804,0.321285140562249,0.0011591327759671248,0.4802346263109375
mados_test,rhorc,development_test,mados_only,common_marida_threshold,all,42,361147,973,0.6310449457633717,659,857,314,359317,0.4346965699208443,0.6772867420349434,0.5295299316994777,0.36010928961748634,0.0023794055095592687,0.5594289945586872
mados_test,rhorc,development_test,mados_only,common_marida_threshold,high_only,41,353437,587,0.6310449457633717,380,722,207,352128,0.3448275862068966,0.6473594548551959,0.4499703966844287,0.2902979373567609,0.00204619526711067,0.4802346263109375
mados_test,rhorc,development_test,joint,frozen,all,42,361147,973,0.781312983247877,566,456,407,359718,0.5538160469667319,0.5817060637204522,0.5674185463659148,0.3960811756473058,0.0012660547402088991,0.5729416500912753
mados_test,rhorc,development_test,joint,frozen,high_only,41,353437,587,0.781312983247877,330,407,257,352443,0.44776119402985076,0.5621805792163543,0.4984894259818731,0.3319919517102616,0.0011534646450333003,0.4937015476853471
mados_test,rhorc,development_test,joint,common_marida_threshold,all,42,361147,973,0.6310449457633717,674,839,299,359335,0.4454725710508923,0.6927029804727647,0.5422365245374094,0.3719646799116998,0.0023294296645510228,0.5729416500912753
mados_test,rhorc,development_test,joint,common_marida_threshold,high_only,41,353437,587,0.6310449457633717,388,739,199,352111,0.3442768411712511,0.6609880749574105,0.45274212368728123,0.29260935143288086,0.002094374380048179,0.4937015476853471
