record_id,Station,datetime_utc,day_utc,Latitude,Longitude,has_optical_candidate
DOORS3:TriOS:1,BS066,2024-06-02 08:18:00+00:00,2024-06-02,43.59697,29.54216833,True
DOORS3:TriOS:2,BS067,2024-06-06 09:25:00+00:00,2024-06-06,41.822,41.5271,False
DOORS3:TriOS:3,BS068,2024-06-07 06:10:00+00:00,2024-06-07,41.8263,41.5301,True
DOORS3:TriOS:4,BS069,2024-06-07 09:32:00+00:00,2024-06-07,41.5962,41.555,True
DOORS3:TriOS:5,BS070,2024-06-07 13:55:00+00:00,2024-06-07,41.6299,41.5457,False
DOORS3:TriOS:6,BS071,2024-06-08 06:55:00+00:00,2024-06-08,41.8208,41.5194,False
DOORS3:TriOS:7,BS072,2024-06-08 12:04:00+00:00,2024-06-08,42.0286,41.631,False
DOORS3:TriOS:8,BS073,2024-06-08 13:48:00+00:00,2024-06-08,42.0245,41.6278,False
DOORS3:TriOS:9,BS074,2024-06-09 06:27:00+00:00,2024-06-09,42.2076,41.5991,False
DOORS3:TriOS:10,BS075,2024-06-10 07:22:00+00:00,2024-06-10,42.2329,41.5642,False
DOORS3:TriOS:11,BS076,2024-06-10 09:55:00+00:00,2024-06-10,42.3639,41.5079,False
DOORS3:TriOS:12,BS077,2024-06-10 13:25:00+00:00,2024-06-10,42.2876,41.5889,False
DOORS3:TriOS:13,BS078,2024-06-11 04:26:00+00:00,2024-06-11,42.1398,41.6014,False
DOORS3:TriOS:14,BS079,2024-06-11 07:18:00+00:00,2024-06-11,42.1398,41.6028,False
DOORS3:TriOS:15,BS080,2024-06-11 12:51:00+00:00,2024-06-11,42.0123,41.738,False
DOORS3:TriOS:16,BS081,2024-06-12 05:19:00+00:00,2024-06-12,41.7706,41.7095,True
DOORS3:TriOS:17,BS082,2024-06-12 07:14:00+00:00,2024-06-12,41.7856,41.7337,True
DOORS3:TriOS:18,BS083,2024-06-12 13:10:00+00:00,2024-06-12,41.7676,41.7113,False
DOORS3:TriOS:19,BS084,2024-06-13 10:51:00+00:00,2024-06-13,41.73007,41.53005,False
DOORS3:TriOS:20,BS085,2024-06-13 13:36:00+00:00,2024-06-13,41.72253,41.23629,False
DOORS3:TriOS:21,BS086,2024-06-14 07:02:00+00:00,2024-06-14,41.7257,41.2201,False
DOORS3:TriOS:22,BS087,2024-06-14 13:17:00+00:00,2024-06-14,41.8009,40.5988,False
DOORS3:TriOS:23,BS088,2024-06-17 06:17:00+00:00,2024-06-17,42.5195,31.7994,True
DOORS3:TriOS:24,BS089,2024-06-17 14:37:00+00:00,2024-06-17,42.43676667,30.69433333,False
DOORS3:TriOS:25,BS090,2024-06-18 08:20:00+00:00,2024-06-18,42.60545,29.794983,False
DOORS3:TriOS:26,BS091,2024-06-19 08:18:00+00:00,2024-06-19,43.548033,29.076133,False
DOORS3:TriOS:27,BS092,2024-06-19 10:52:00+00:00,2024-06-19,43.79055,28.88583333,False
