measurement_profile,model,n,groups,MAE,RMSE,median_AE,RMSLE,R2,bias,MAE_ci025,MAE_ci975,train_p10_p90_coverage,mean_interval_width
S1_trawl_5_to_50,spatial_knn_log1p,83,55,352.1942696498866,514.675056699102,260.7586343777332,0.7836890002423759,-0.059822867335134644,-100.305345481083,269.5021813859054,448.1321948914217,0.7590361445783133,1214.9379906373495
S1_trawl_5_to_50,train_mean,83,55,415.54553829964647,520.7735260397735,363.52230543939385,0.9256481147636327,-0.08508770002581967,0.5289392719806646,345.5246627911961,496.4947473414989,0.7590361445783133,1214.9379906373495
S1_trawl_5_to_50,train_median,83,55,423.0632663975905,541.0367538515405,353.0031335,0.9088160858894546,-0.17117173127759755,-101.9825483975904,349.35148561000824,512.8437527932354,0.7590361445783133,1214.9379906373495
S2_visual_GT2,spatial_knn_log1p,63,41,23.187898069927403,30.452842316782768,19.23260585757395,0.6451651421726259,0.49634320291615397,-5.671341728792817,18.77520511962338,28.214899444432234,0.746031746031746,89.77793581329698
S2_visual_GT2,train_mean,63,41,35.15475623850913,43.834970746124164,30.445966849784313,0.8679931387318472,-0.04356732849030864,0.05042389125774676,28.258655665039868,42.80821558327509,0.746031746031746,89.77793581329698
S2_visual_GT2,train_median,63,41,34.03702473979444,47.24228675556292,21.759760724100005,0.8371698367149144,-0.21210670788797237,-16.182659109810313,25.44617027154044,44.55067497470749,0.746031746031746,89.77793581329698
S3_visual_GT2,spatial_knn_log1p,41,8,16.291730451318035,34.42828143174425,8.996733687957898,0.6258495546968761,0.024468609021119025,-7.156800533085473,6.47957988540261,25.31115646990038,0.6829268292682927,41.19463414634147
S3_visual_GT2,train_mean,41,8,20.41172473867596,35.9500037867925,15.785000000000007,0.7834053134117597,-0.06367374837215278,-1.900296795052896,14.918564018564021,31.73275747045251,0.6829268292682927,41.19463414634147
S3_visual_GT2,train_median,41,8,21.90731707317073,37.64585942314662,12.7,0.8192772832455454,-0.16639323558567543,-10.731707317073171,12.419384920634919,29.85802037037036,0.6829268292682927,41.19463414634147
S4_visual_GT2_5,spatial_knn_log1p,33,9,160.90138141896736,234.17525229365577,98.97504616051549,0.7525190894116176,-0.048682125352943695,-40.01478113238173,90.704932625086,263.28629050555554,0.696969696969697,519.5441818181818
S4_visual_GT2_5,train_mean,33,9,191.75991699905035,247.98189504660837,156.8984,0.9189483320937661,-0.17598510492305008,1.656917223517217,123.71741824949949,282.37958825340297,0.696969696969697,519.5441818181818
S4_visual_GT2_5,train_median,33,9,180.75575757575757,247.35835122593318,132.01999999999998,0.8574787159617993,-0.17007857419823513,-65.11939393939396,129.17593451749735,274.37745299145297,0.696969696969697,519.5441818181818
