event_id,date_utc,time_start_utc,time_end_utc,duration_hours,cross_midnight
S3:HE419_MarLitter_transect01,2014-04-03,14:39:00,16:00:00,1.35,False
S3:HE419_MarLitter_transect02,2014-04-05,15:23:00,16:09:00,0.7666666666666667,False
S3:HE419_MarLitter_transect04,2014-04-06,09:37:00,10:31:00,0.9,False
S3:HE419_MarLitter_transect03,2014-04-06,07:47:00,08:24:00,0.6166666666666667,False
S3:HE419_MarLitter_transect05,2014-04-06,12:23:00,13:23:00,1.0,False
S3:HE419_MarLitter_transect06,2014-04-06,14:39:00,15:26:00,0.7833333333333333,False
S3:HE419_MarLitter_transect08,2014-04-06,18:58:00,19:41:00,0.7166666666666667,False
S3:HE419_MarLitter_transect07,2014-04-06,16:23:00,17:08:00,0.75,False
S3:HE419_MarLitter_transect14,2014-04-07,18:23:00,19:27:00,1.0666666666666667,False
S3:HE419_MarLitter_transect13,2014-04-07,16:21:00,16:58:00,0.6166666666666667,False
S3:HE419_MarLitter_transect09,2014-04-07,07:54:00,08:40:00,0.7666666666666667,False
S3:HE419_MarLitter_transect12,2014-04-07,14:45:00,15:28:00,0.7166666666666667,False
S3:HE419_MarLitter_transect10,2014-04-07,09:53:00,10:43:00,0.8333333333333334,False
S3:HE419_MarLitter_transect11,2014-04-07,12:21:00,13:14:00,0.8833333333333333,False
S3:HE419_MarLitter_transect18,2014-04-08,15:06:00,15:52:00,0.7666666666666667,False
S3:HE419_MarLitter_transect15,2014-04-08,08:50:00,09:18:00,0.4666666666666667,False
S3:HE419_MarLitter_transect16,2014-04-08,12:16:00,12:44:00,0.4666666666666667,False
S3:HE419_MarLitter_transect17,2014-04-08,13:36:00,14:05:00,0.48333333333333334,False
S3:HE419_MarLitter_transect20,2014-04-09,13:01:00,16:52:00,3.85,False
S3:HE419_MarLitter_transect19,2014-04-09,08:47:00,09:24:00,0.6166666666666667,False
S3:HE419_MarLitter_transect21,2014-04-09,15:03:00,15:51:00,0.8,False
S3:HE419_MarLitter_transect22,2014-04-09,17:06:00,17:30:00,0.4,False
S3:HE419_MarLitter_transect23,2014-04-10,09:31:00,09:54:00,0.38333333333333336,False
S3:HE419_MarLitter_transect24,2014-04-10,12:15:00,12:53:00,0.6333333333333333,False
S3:HE419_MarLitter_transect25,2014-04-10,14:27:00,15:13:00,0.7666666666666667,False
S3:HE419_MarLitter_transect26,2014-04-10,16:07:00,16:50:00,0.7166666666666667,False
S3:HE419_MarLitter_transect27,2014-04-10,18:19:00,19:20:00,1.0166666666666666,False
S3:HE419_MarLitter_transect32,2014-04-11,18:12:00,18:56:00,0.7333333333333333,False
S3:HE419_MarLitter_transect31,2014-04-11,14:26:00,15:12:00,0.7666666666666667,False
S3:HE419_MarLitter_transect30,2014-04-11,12:45:00,13:30:00,0.75,False
S3:HE419_MarLitter_transect29,2014-04-11,10:06:00,11:17:00,1.1833333333333333,False
S3:HE419_MarLitter_transect28,2014-04-11,08:31:00,09:10:00,0.65,False
S3:HE419_MarLitter_transect38,2014-04-12,17:21:00,17:50:00,0.48333333333333334,False
S3:HE419_MarLitter_transect37,2014-04-12,15:46:00,16:31:00,0.75,False
S3:HE419_MarLitter_transect35,2014-04-12,12:00:00,12:42:00,0.7,False
S3:HE419_MarLitter_transect34,2014-04-12,09:32:00,10:28:00,0.9333333333333333,False
S3:HE419_MarLitter_transect36,2014-04-12,13:42:00,14:11:00,0.48333333333333334,False
S3:HE419_MarLitter_transect33,2014-04-12,08:06:00,08:46:00,0.6666666666666666,False
S2:MSM41_litter-T1,2015-04-01,16:17:00,17:17:00,1.0,False
S2:MSM41_litter-T5,2015-04-02,16:56:00,17:29:00,0.55,False
S2:MSM41_litter-T4,2015-04-02,12:43:00,13:43:00,1.0,False
S2:MSM41_litter-T3,2015-04-02,10:36:00,11:26:00,0.8333333333333334,False
S2:MSM41_litter-T2,2015-04-02,08:18:00,09:18:00,1.0,False
S2:MSM41_litter-T8,2015-04-03,11:51:00,12:40:00,0.8166666666666667,False
S2:MSM41_litter-T7,2015-04-03,10:11:00,11:12:00,1.0166666666666666,False
S2:MSM41_litter-T6,2015-04-03,08:13:00,09:13:00,1.0,False
S2:MSM41_litter-T10,2015-04-04,16:08:00,17:08:00,1.0,False
S2:MSM41_litter-T12,2015-04-05,14:27:00,15:27:00,1.0,False
S2:MSM41_litter-T11,2015-04-05,08:17:00,08:44:00,0.45,False
S2:MSM41_litter-T16,2015-04-06,18:12:00,19:12:00,1.0,False
S2:MSM41_litter-T15,2015-04-06,15:47:00,16:47:00,1.0,False
S2:MSM41_litter-T14,2015-04-06,13:50:00,14:50:00,1.0,False
S2:MSM41_litter-T13,2015-04-06,08:16:00,09:16:00,1.0,False
S2:MSM41_litter-T17,2015-04-07,09:51:00,10:51:00,1.0,False
S2:MSM41_litter-T18,2015-04-07,16:12:00,17:24:00,1.2,False
S2:MSM41_litter-T19,2015-04-08,08:15:00,09:15:00,1.0,False
S2:MSM41_litter-T20,2015-04-08,10:11:00,11:11:00,1.0,False
S2:MSM41_litter-T21,2015-04-08,17:54:00,18:54:00,1.0,False
S2:MSM41_litter-T22,2015-04-09,08:05:00,09:11:00,1.1,False
S2:MSM41_litter-T23,2015-04-09,15:36:00,16:36:00,1.0,False
S2:MSM41_litter-T24,2015-04-09,18:27:00,19:27:00,1.0,False
S2:MSM41_litter-T25,2015-04-10,14:44:00,15:44:00,1.0,False
S2:MSM41_litter-T26,2015-04-10,18:37:00,19:05:00,0.4666666666666667,False
S2:MSM41_litter-T27,2015-04-11,08:01:00,09:02:00,1.0166666666666666,False
S2:MSM41_litter-T29,2015-04-11,15:03:00,16:01:00,0.9666666666666667,False
S2:MSM41_litter-T28,2015-04-11,10:35:00,11:35:00,1.0,False
S2:MSM41_litter-T32,2015-04-12,16:31:00,17:31:00,1.0,False
S2:MSM41_litter-T31,2015-04-12,09:58:00,10:58:00,1.0,False
S2:MSM41_litter-T30,2015-04-12,07:59:00,08:59:00,1.0,False
S2:MSM41_litter-T34,2015-04-13,16:38:00,17:38:00,1.0,False
S2:MSM41_litter-T33,2015-04-13,14:19:00,15:19:00,1.0,False
S2:MSM41_litter-T37,2015-04-14,17:53:00,18:53:00,1.0,False
S2:MSM41_litter-T35,2015-04-14,12:11:00,13:16:00,1.0833333333333333,False
S2:MSM41_litter-T38,2015-04-15,13:34:00,14:28:00,0.9,False
S2:MSM41_litter-T40,2015-04-16,11:56:00,12:56:00,1.0,False
S2:MSM41_litter-T39,2015-04-16,07:57:00,08:28:00,0.5166666666666667,False
S2:MSM41_litter-T41,2015-04-17,13:45:00,14:45:00,1.0,False
S2:MSM41_litter-T42,2015-04-17,15:45:00,16:45:00,1.0,False
S2:MSM41_litter-T43,2015-04-18,08:00:00,09:00:00,1.0,False
S2:MSM41_litter-T44,2015-04-18,15:30:00,16:30:00,1.0,False
S2:MSM41_litter-T45,2015-04-18,17:55:00,18:55:00,1.0,False
S2:MSM41_litter-T46,2015-04-19,12:41:00,13:41:00,1.0,False
S2:MSM41_litter-T47,2015-04-19,14:37:00,15:07:00,0.5,False
S2:MSM41_litter-T48,2015-04-20,07:51:00,08:36:00,0.75,False
S2:MSM41_litter-T49,2015-04-20,14:42:00,16:33:00,1.85,False
S2:MSM41_litter-T50,2015-04-20,17:56:00,18:56:00,1.0,False
S2:MSM41_litter-T51,2015-04-21,12:47:00,13:47:00,1.0,False
S2:MSM41_litter-T52,2015-04-21,15:06:00,16:06:00,1.0,False
S2:MSM41_litter-T53,2015-04-22,08:02:00,09:02:00,1.0,False
S2:MSM41_litter-T54,2015-04-22,10:02:00,11:02:00,1.0,False
S2:MSM41_litter-T55,2015-04-22,12:02:00,12:56:00,0.9,False
S2:MSM41_litter-T56,2015-04-22,15:05:00,15:37:00,0.5333333333333333,False
S2:MSM41_litter-T58,2015-04-23,17:52:00,18:52:00,1.0,False
S2:MSM41_litter-T57,2015-04-23,14:55:00,15:56:00,1.0166666666666666,False
S2:MSM41_litter-T60,2015-04-24,15:33:00,16:33:00,1.0,False
S2:MSM41_litter-T59,2015-04-24,11:58:00,13:01:00,1.05,False
S2:MSM41_litter-T62,2015-04-25,12:14:00,13:14:00,1.0,False
S2:MSM41_litter-T61,2015-04-25,10:16:00,11:16:00,1.0,False
S2:MSM41_litter-T65,2015-04-26,14:49:00,15:49:00,1.0,False
S2:MSM41_litter-T64,2015-04-26,12:43:00,13:43:00,1.0,False
S2:MSM41_litter-T63,2015-04-26,10:10:00,11:10:00,1.0,False
S1:0.1,2015-07-25,21:30:00,23:03:00,1.55,False
S1:2.3,2015-07-27,20:54:00,00:28:00,3.5666666666666664,True
S1:2.4,2015-07-27,21:01:00,00:08:00,3.116666666666667,True
S1:1.3,2015-07-27,15:34:00,19:13:00,3.65,False
S1:1.4,2015-07-27,15:05:00,18:49:00,3.7333333333333334,False
S1:4.3,2015-07-28,09:12:00,12:06:00,2.9,False
S1:6.4,2015-07-28,20:44:00,00:08:00,3.3999999999999986,True
S1:4.4,2015-07-28,08:57:00,12:28:00,3.5166666666666666,False
S1:6.3,2015-07-28,21:00:00,00:28:00,3.466666666666665,True
S1:5.4,2015-07-28,14:48:00,18:19:00,3.5166666666666666,False
S1:5.3,2015-07-28,15:03:00,17:58:00,2.9166666666666665,False
S1:3.3,2015-07-28,02:42:00,06:21:00,3.65,False
S1:3.4,2015-07-28,02:57:00,05:59:00,3.033333333333333,False
S1:9.3,2015-07-29,14:33:00,17:16:00,2.716666666666667,False
S1:9.4,2015-07-29,14:14:00,17:32:00,3.3,False
S1:10.3,2015-07-29,20:22:00,23:05:00,2.716666666666667,False
S1:10.4,2015-07-29,20:40:00,23:27:00,2.783333333333333,False
S1:8.4,2015-07-29,08:36:00,12:09:00,3.55,False
S1:8.3,2015-07-29,09:00:00,11:46:00,2.7666666666666666,False
S1:11.4,2015-07-29,02:13:00,05:26:00,3.216666666666667,False
S1:7.4,2015-07-29,02:40:00,06:21:00,3.683333333333333,False
S1:11.3,2015-07-29,02:32:00,05:09:00,2.6166666666666667,False
S1:7.3,2015-07-29,03:04:00,06:00:00,2.933333333333333,False
S1:12.3,2015-07-30,08:30:00,11:39:00,3.15,False
S1:12.4,2015-07-30,08:14:00,11:59:00,3.75,False
S1:14.3,2015-07-30,20:32:00,22:53:00,2.35,False
S1:14.4,2015-07-30,20:15:00,23:15:00,3.0,False
S1:13.3,2015-07-30,14:47:00,17:47:00,3.0,False
S1:13.4,2015-07-30,14:23:00,18:09:00,3.7666666666666666,False
S1:17.4,2015-07-31,14:41:00,17:42:00,3.0166666666666666,False
S1:17.3,2015-07-31,14:16:00,17:20:00,3.066666666666667,False
S1:15.3,2015-07-31,02:39:00,05:38:00,2.9833333333333334,False
S1:15.4,2015-07-31,02:22:00,05:56:00,3.566666666666667,False
S1:16.3,2015-07-31,08:46:00,11:38:00,2.8666666666666667,False
S1:16.4,2015-07-31,08:30:00,11:53:00,3.3833333333333333,False
S1:20.3,2015-08-01,20:41:00,23:59:00,3.3,False
S1:20.4,2015-08-01,20:18:00,00:19:00,4.016666666666666,True
S1:18.4,2015-08-01,08:07:00,11:02:00,2.9166666666666665,False
S1:18.3,2015-08-01,08:36:00,11:43:00,3.1166666666666667,False
S1:19.4,2015-08-01,14:08:00,17:41:00,3.55,False
S1:19.3,2015-08-01,14:21:00,17:25:00,3.066666666666667,False
S1:24.4,2015-08-02,20:18:00,23:59:00,3.683333333333333,False
S1:24.3,2015-08-02,20:33:00,23:46:00,3.216666666666667,False
S1:21.4,2015-08-02,02:15:00,06:06:00,3.85,False
S1:22.4,2015-08-02,08:34:00,12:08:00,3.566666666666667,False
S1:22.3,2015-08-02,08:45:00,11:51:00,3.1,False
S1:21.3,2015-08-02,02:36:00,05:48:00,3.2,False
S1:27.3,2015-08-03,14:09:00,18:08:00,3.9833333333333334,False
S1:28.4,2015-08-03,20:37:00,00:06:00,3.4833333333333343,True
S1:28.3,2015-08-03,20:48:00,23:46:00,2.966666666666667,False
S1:26.3,2015-08-03,08:47:00,11:43:00,2.933333333333333,False
S1:25.3,2015-08-03,02:28:00,05:42:00,3.2333333333333334,False
S1:26.4,2015-08-03,08:33:00,11:58:00,3.4166666666666665,False
S1:25.4,2015-08-03,02:06:00,06:00:00,3.9,False
S1:27.4,2015-08-03,14:22:00,17:54:00,3.533333333333333,False
S1:29.4,2015-08-04,02:06:00,05:28:00,3.3666666666666667,False
S1:31.4,2015-08-04,14:38:00,18:02:00,3.4,False
S1:29.3,2015-08-04,02:21:00,05:10:00,2.816666666666667,False
S1:30.4,2015-08-04,08:34:00,11:53:00,3.316666666666667,False
S1:30.3,2015-08-04,08:50:00,11:39:00,2.816666666666667,False
S1:32.4,2015-08-04,20:38:00,00:04:00,3.4333333333333336,True
S1:32.3,2015-08-04,20:48:00,23:49:00,3.0166666666666666,False
S1:33.4,2015-08-05,02:36:00,06:03:00,3.45,False
S1:34.4,2015-08-05,08:35:00,12:04:00,3.4833333333333334,False
S1:34.3,2015-08-05,08:50:00,11:47:00,2.95,False
S1:33.3,2015-08-05,02:47:00,05:41:00,2.9,False
S1:35.4,2015-08-05,20:42:00,00:05:00,3.383333333333333,True
S1:35.3,2015-08-05,20:56:00,23:47:00,2.85,False
S1:39.3,2015-08-06,20:51:00,23:48:00,2.95,False
S1:38.3,2015-08-06,14:52:00,17:40:00,2.8,False
S1:39.4,2015-08-06,20:38:00,00:13:00,3.583333333333332,True
S1:36.4,2015-08-06,02:35:00,06:01:00,3.433333333333333,False
S1:36.3,2015-08-06,02:47:00,05:45:00,2.966666666666667,False
S1:37.3,2015-08-06,08:54:00,11:47:00,2.8833333333333333,False
S1:37.4,2015-08-06,08:37:00,12:02:00,3.4166666666666665,False
S1:38.4,2015-08-06,14:35:00,17:57:00,3.3666666666666667,False
S1:41.3,2015-08-07,10:02:00,11:40:00,1.6333333333333333,False
S1:42.3,2015-08-07,15:15:00,17:49:00,2.566666666666667,False
S1:41.4,2015-08-07,08:41:00,11:59:00,3.3,False
S1:42.4,2015-08-07,14:58:00,18:09:00,3.183333333333333,False
S1:43.4,2015-08-07,20:37:00,00:13:00,3.6000000000000014,True
S1:43.3,2015-08-07,20:49:00,23:49:00,3.0,False
S1:45.3,2015-08-08,08:50:00,11:45:00,2.9166666666666665,False
S1:45.4,2015-08-08,08:36:00,12:02:00,3.433333333333333,False
S1:44.4,2015-08-08,02:42:00,06:01:00,3.316666666666667,False
S1:47.4,2015-08-08,20:35:00,23:55:00,3.3333333333333335,False
S1:47.3,2015-08-08,20:50:00,23:40:00,2.8333333333333335,False
S1:46.4,2015-08-08,14:40:00,18:12:00,3.533333333333333,False
S1:44.3,2015-08-08,02:57:00,05:42:00,2.75,False
S1:46.3,2015-08-08,14:55:00,17:46:00,2.85,False
S1:48.4,2015-08-09,02:42:00,06:02:00,3.3333333333333335,False
S1:48.3,2015-08-09,02:56:00,05:45:00,2.816666666666667,False
S1:51.3,2015-08-09,21:10:00,23:46:00,2.6,False
S1:49.3,2015-08-09,08:48:00,11:46:00,2.966666666666667,False
S1:49.4,2015-08-09,08:36:00,12:03:00,3.45,False
S1:51.4,2015-08-09,20:59:00,23:59:00,3.0,False
S1:50.3,2015-08-09,14:47:00,17:41:00,2.9,False
S1:50.4,2015-08-09,14:33:00,17:56:00,3.3833333333333333,False
S1:52.3,2015-08-10,02:48:00,05:46:00,2.966666666666667,False
S1:53.4,2015-08-10,08:38:00,12:02:00,3.4,False
S1:53.3,2015-08-10,08:51:00,11:44:00,2.8833333333333333,False
S1:52.4,2015-08-10,02:35:00,06:02:00,3.45,False
S1:54.4,2015-08-10,20:36:00,00:05:00,3.4833333333333343,True
S1:54.3,2015-08-10,20:54:00,23:48:00,2.9,False
S1:58.4,2015-08-11,20:41:00,23:58:00,3.283333333333333,False
S1:58.3,2015-08-11,20:52:00,23:43:00,2.85,False
S1:57.4,2015-08-11,14:36:00,17:59:00,3.3833333333333333,False
S1:56.3,2015-08-11,08:51:00,11:46:00,2.9166666666666665,False
S1:55.3,2015-08-11,02:48:00,05:43:00,2.9166666666666665,False
S1:57.3,2015-08-11,14:54:00,17:44:00,2.8333333333333335,False
S1:56.4,2015-08-11,08:35:00,11:59:00,3.4,False
S1:55.4,2015-08-11,02:34:00,06:00:00,3.433333333333333,False
S1:61.3,2015-08-12,14:48:00,17:44:00,2.933333333333333,False
S1:62.4,2015-08-12,20:41:00,00:09:00,3.466666666666665,True
S1:61.4,2015-08-12,14:36:00,17:59:00,3.3833333333333333,False
S1:60.3,2015-08-12,08:56:00,12:00:00,3.066666666666667,False
S1:60.4,2015-08-12,08:37:00,12:21:00,3.7333333333333334,False
S1:62.3,2015-08-12,20:52:00,23:46:00,2.9,False
S1:66.4,2015-08-13,20:33:00,23:55:00,3.3666666666666667,False
S1:65.3,2015-08-13,14:45:00,17:43:00,2.966666666666667,False
S1:66.3,2015-08-13,20:41:00,23:42:00,3.0166666666666666,False
S1:63.4,2015-08-13,02:32:00,06:20:00,3.8,False
S1:64.4,2015-08-13,08:49:00,12:10:00,3.35,False
S1:65.4,2015-08-13,14:36:00,17:59:00,3.3833333333333333,False
S1:64.3,2015-08-13,08:35:00,11:50:00,3.25,False
S1:63.3,2015-08-13,02:50:00,05:58:00,3.1333333333333333,False
S1:69.4,2015-08-14,14:35:00,17:59:00,3.4,False
S1:68.3,2015-08-14,08:47:00,11:53:00,3.1,False
S1:68.4,2015-08-14,08:35:00,12:07:00,3.533333333333333,False
S1:70.4,2015-08-14,20:35:00,00:07:00,3.533333333333335,True
S1:69.3,2015-08-14,14:43:00,17:45:00,3.033333333333333,False
S1:70.3,2015-08-14,20:43:00,23:51:00,3.1333333333333333,False
S1:67.4,2015-08-14,02:31:00,06:06:00,3.5833333333333335,False
S1:67.3,2015-08-14,02:44:00,05:51:00,3.1166666666666667,False
S1:71.4,2015-08-15,02:33:00,06:01:00,3.466666666666667,False
S1:71.3,2015-08-15,02:53:00,05:44:00,2.85,False
S1:72.4,2015-08-15,14:34:00,18:04:00,3.5,False
S1:73.3,2015-08-15,20:46:00,23:45:00,2.9833333333333334,False
S1:72.3,2015-08-15,14:43:00,17:45:00,3.033333333333333,False
S1:73.4,2015-08-15,20:37:00,00:05:00,3.466666666666665,True
S1:74.3,2015-08-16,02:59:00,05:44:00,2.75,False
S1:75.3,2015-08-16,14:45:00,17:42:00,2.95,False
S1:75.4,2015-08-16,14:32:00,17:59:00,3.45,False
S1:74.4,2015-08-16,02:35:00,06:02:00,3.45,False
S1:77.3,2015-08-17,02:46:00,05:43:00,2.95,False
S1:78.3,2015-08-17,15:40:00,18:12:00,2.533333333333333,False
S1:78.4,2015-08-17,15:32:00,18:31:00,2.9833333333333334,False
S1:77.4,2015-08-17,02:35:00,06:01:00,3.433333333333333,False
S1:79.4,2015-08-18,20:39:00,00:02:00,3.383333333333333,True
S1:79.3,2015-08-18,20:50:00,23:48:00,2.966666666666667,False
S3:HE460_MarLitter_transect01,2016-04-08,16:17:00,17:00:00,0.7166666666666667,False
S3:HE460_MarLitter_transect02,2016-04-09,14:58:00,15:58:00,1.0,False
S3:HE460_MarLitter_transect03,2016-04-10,16:15:00,17:18:00,1.05,False
S1:458,2016-10-02,,,,False
S1:461,2016-10-02,,,,False
S1:457,2016-10-02,,,,False
S1:459,2016-10-02,,,,False
S1:462,2016-10-02,,,,False
S1:455,2016-10-02,,,,False
S1:453,2016-10-02,,,,False
S1:460,2016-10-02,,,,False
S1:451,2016-10-02,,,,False
S1:450,2016-10-02,,,,False
S1:452,2016-10-02,,,,False
S1:449,2016-10-02,,,,False
S1:447,2016-10-02,,,,False
S1:448,2016-10-02,,,,False
S1:456,2016-10-02,,,,False
S1:454,2016-10-02,,,,False
S1:463,2016-10-06,,,,False
S1:464,2016-10-06,,,,False
S1:465,2016-10-06,,,,False
S1:466,2016-10-06,,,,False
S1:467,2016-10-06,,,,False
S1:468,2016-10-06,,,,False
S1:469,2016-10-06,,,,False
S1:470,2016-10-06,,,,False
S1:471,2016-10-06,,,,False
S1:472,2016-10-06,,,,False
S1:473,2016-10-06,,,,False
S1:474,2016-10-06,,,,False
S1:475,2016-10-06,,,,False
S1:476,2016-10-06,,,,False
S1:477,2016-10-06,,,,False
S4:DOORS3:T2,2024-06-02,,,,False
S4:DOORS3:T1,2024-06-02,,,,False
S4:DOORS3:T10,2024-06-03,,,,False
S4:DOORS3:T9,2024-06-03,,,,False
S4:DOORS3:T8,2024-06-03,,,,False
S4:DOORS3:T7,2024-06-03,,,,False
S4:DOORS3:T6,2024-06-03,,,,False
S4:DOORS3:T5,2024-06-03,,,,False
S4:DOORS3:T4,2024-06-03,,,,False
S4:DOORS3:T3,2024-06-03,,,,False
S4:DOORS3:T17,2024-06-04,,,,False
S4:DOORS3:T16,2024-06-04,,,,False
S4:DOORS3:T15,2024-06-04,,,,False
S4:DOORS3:T14,2024-06-04,,,,False
S4:DOORS3:T13,2024-06-04,,,,False
S4:DOORS3:T12,2024-06-04,,,,False
S4:DOORS3:T11,2024-06-04,,,,False
S4:DOORS3:T19,2024-06-05,,,,False
S4:DOORS3:T18,2024-06-05,,,,False
S4:DOORS3:T21,2024-06-07,,,,False
S4:DOORS3:T20,2024-06-07,,,,False
S4:DOORS3:T22,2024-06-09,,,,False
S4:DOORS3:T24,2024-06-10,,,,False
S4:DOORS3:T23,2024-06-10,,,,False
S4:DOORS3:T25,2024-06-11,,,,False
S4:DOORS3:T26,2024-06-14,,,,False
S4:DOORS3:T27,2024-06-14,,,,False
S4:DOORS3:T28,2024-06-14,,,,False
S4:DOORS3:T29,2024-06-15,,,,False
S4:DOORS3:T32,2024-06-17,,,,False
S4:DOORS3:T31,2024-06-17,,,,False
S4:DOORS3:T30,2024-06-17,,,,False
S4:DOORS3:T33,2024-06-18,,,,False
