km,days,measurement_profile,groups,largest_group,largest_group_fraction
25.0,1.0,S1_trawl_5_to_50,76,2,0.024096385542168676
25.0,1.0,S2_visual_GT2,61,2,0.031746031746031744
25.0,1.0,S3_visual_GT2,13,12,0.2926829268292683
25.0,1.0,S4_visual_GT2_5,15,5,0.15151515151515152
25.0,3.0,S1_trawl_5_to_50,76,2,0.024096385542168676
25.0,3.0,S2_visual_GT2,61,2,0.031746031746031744
25.0,3.0,S3_visual_GT2,12,15,0.36585365853658536
25.0,3.0,S4_visual_GT2_5,15,5,0.15151515151515152
25.0,7.0,S1_trawl_5_to_50,76,2,0.024096385542168676
25.0,7.0,S2_visual_GT2,61,2,0.031746031746031744
25.0,7.0,S3_visual_GT2,12,15,0.36585365853658536
25.0,7.0,S4_visual_GT2_5,15,5,0.15151515151515152
50.0,1.0,S1_trawl_5_to_50,55,6,0.07228915662650602
50.0,1.0,S2_visual_GT2,41,4,0.06349206349206349
50.0,1.0,S3_visual_GT2,9,12,0.2926829268292683
50.0,1.0,S4_visual_GT2_5,10,8,0.24242424242424243
50.0,3.0,S1_trawl_5_to_50,55,6,0.07228915662650602
50.0,3.0,S2_visual_GT2,41,4,0.06349206349206349
50.0,3.0,S3_visual_GT2,8,21,0.5121951219512195
50.0,3.0,S4_visual_GT2_5,9,8,0.24242424242424243
50.0,7.0,S1_trawl_5_to_50,55,6,0.07228915662650602
50.0,7.0,S2_visual_GT2,41,4,0.06349206349206349
50.0,7.0,S3_visual_GT2,7,22,0.5365853658536586
50.0,7.0,S4_visual_GT2_5,7,11,0.3333333333333333
100.0,1.0,S1_trawl_5_to_50,11,19,0.2289156626506024
100.0,1.0,S2_visual_GT2,23,7,0.1111111111111111
100.0,1.0,S3_visual_GT2,5,13,0.3170731707317073
100.0,1.0,S4_visual_GT2_5,10,8,0.24242424242424243
100.0,3.0,S1_trawl_5_to_50,11,19,0.2289156626506024
100.0,3.0,S2_visual_GT2,23,7,0.1111111111111111
100.0,3.0,S3_visual_GT2,4,26,0.6341463414634146
100.0,3.0,S4_visual_GT2_5,7,11,0.3333333333333333
100.0,7.0,S1_trawl_5_to_50,11,19,0.2289156626506024
100.0,7.0,S2_visual_GT2,23,7,0.1111111111111111
100.0,7.0,S3_visual_GT2,3,37,0.9024390243902439
100.0,7.0,S4_visual_GT2_5,7,11,0.3333333333333333
