sample_id,event_id,selection_reason,target_key,concentration_items_km2,event_id_registry,reason_code,target_key_registry,published_items_km2,_merge,consistent
MPL-0001,S3:HE419_MarLitter_transect01,accepted,litter-visual,15.9,S3:HE419_MarLitter_transect01,accepted,litter-visual,15.9,both,True
MPL-0002,S3:HE419_MarLitter_transect01,category,,0.0,S3:HE419_MarLitter_transect01,category,,0.0,both,True
MPL-0003,S3:HE419_MarLitter_transect01,item_observation,,,S3:HE419_MarLitter_transect01,item_observation,,,both,True
MPL-0004,S3:HE419_MarLitter_transect01,item_observation,,,S3:HE419_MarLitter_transect01,item_observation,,,both,True
MPL-0005,S3:HE419_MarLitter_transect01,item_observation,,,S3:HE419_MarLitter_transect01,item_observation,,,both,True
MPL-0006,S3:HE419_MarLitter_transect01,item_observation,,,S3:HE419_MarLitter_transect01,item_observation,,,both,True
MPL-0007,S3:HE419_MarLitter_transect02,item_observation,,,S3:HE419_MarLitter_transect02,item_observation,,,both,True
MPL-0008,S3:HE419_MarLitter_transect02,accepted,litter-visual,36.4,S3:HE419_MarLitter_transect02,accepted,litter-visual,36.4,both,True
MPL-0009,S3:HE419_MarLitter_transect02,category,,0.0,S3:HE419_MarLitter_transect02,category,,0.0,both,True
MPL-0010,S3:HE419_MarLitter_transect02,item_observation,,,S3:HE419_MarLitter_transect02,item_observation,,,both,True
MPL-0011,S3:HE419_MarLitter_transect02,item_observation,,,S3:HE419_MarLitter_transect02,item_observation,,,both,True
MPL-0012,S3:HE419_MarLitter_transect02,item_observation,,,S3:HE419_MarLitter_transect02,item_observation,,,both,True
MPL-0013,S3:HE419_MarLitter_transect02,item_observation,,,S3:HE419_MarLitter_transect02,item_observation,,,both,True
MPL-0014,S3:HE419_MarLitter_transect02,item_observation,,,S3:HE419_MarLitter_transect02,item_observation,,,both,True
MPL-0015,S3:HE419_MarLitter_transect04,item_observation,,,S3:HE419_MarLitter_transect04,item_observation,,,both,True
MPL-0016,S3:HE419_MarLitter_transect04,item_observation,,,S3:HE419_MarLitter_transect04,item_observation,,,both,True
MPL-0017,S3:HE419_MarLitter_transect03,item_observation,,,S3:HE419_MarLitter_transect03,item_observation,,,both,True
MPL-0018,S3:HE419_MarLitter_transect03,accepted,litter-visual,27.6,S3:HE419_MarLitter_transect03,accepted,litter-visual,27.6,both,True
MPL-0019,S3:HE419_MarLitter_transect03,category,,0.0,S3:HE419_MarLitter_transect03,category,,0.0,both,True
MPL-0020,S3:HE419_MarLitter_transect04,accepted,litter-visual,29.5,S3:HE419_MarLitter_transect04,accepted,litter-visual,29.5,both,True
MPL-0021,S3:HE419_MarLitter_transect04,category,,0.0,S3:HE419_MarLitter_transect04,category,,0.0,both,True
MPL-0022,S3:HE419_MarLitter_transect04,item_observation,,,S3:HE419_MarLitter_transect04,item_observation,,,both,True
MPL-0023,S3:HE419_MarLitter_transect04,item_observation,,,S3:HE419_MarLitter_transect04,item_observation,,,both,True
MPL-0024,S3:HE419_MarLitter_transect05,item_observation,,,S3:HE419_MarLitter_transect05,item_observation,,,both,True
MPL-0025,S3:HE419_MarLitter_transect05,item_observation,,,S3:HE419_MarLitter_transect05,item_observation,,,both,True
MPL-0026,S3:HE419_MarLitter_transect05,item_observation,,,S3:HE419_MarLitter_transect05,item_observation,,,both,True
MPL-0027,S3:HE419_MarLitter_transect05,accepted,litter-visual,52.2,S3:HE419_MarLitter_transect05,accepted,litter-visual,52.2,both,True
MPL-0028,S3:HE419_MarLitter_transect05,category,,4.745,S3:HE419_MarLitter_transect05,category,,4.745,both,True
MPL-0029,S3:HE419_MarLitter_transect05,item_observation,,,S3:HE419_MarLitter_transect05,item_observation,,,both,True
MPL-0030,S3:HE419_MarLitter_transect05,item_observation,,,S3:HE419_MarLitter_transect05,item_observation,,,both,True
MPL-0031,S3:HE419_MarLitter_transect05,item_observation,,,S3:HE419_MarLitter_transect05,item_observation,,,both,True
MPL-0032,S3:HE419_MarLitter_transect05,item_observation,,,S3:HE419_MarLitter_transect05,item_observation,,,both,True
MPL-0033,S3:HE419_MarLitter_transect05,item_observation,,,S3:HE419_MarLitter_transect05,item_observation,,,both,True
MPL-0034,S3:HE419_MarLitter_transect06,item_observation,,,S3:HE419_MarLitter_transect06,item_observation,,,both,True
MPL-0035,S3:HE419_MarLitter_transect06,accepted,litter-visual,30.3,S3:HE419_MarLitter_transect06,accepted,litter-visual,30.3,both,True
MPL-0036,S3:HE419_MarLitter_transect06,category,,0.0,S3:HE419_MarLitter_transect06,category,,0.0,both,True
MPL-0037,S3:HE419_MarLitter_transect06,item_observation,,,S3:HE419_MarLitter_transect06,item_observation,,,both,True
MPL-0038,S3:HE419_MarLitter_transect06,item_observation,,,S3:HE419_MarLitter_transect06,item_observation,,,both,True
MPL-0039,S3:HE419_MarLitter_transect08,accepted,litter-visual,26.2,S3:HE419_MarLitter_transect08,accepted,litter-visual,26.2,both,True
MPL-0040,S3:HE419_MarLitter_transect08,category,,0.0,S3:HE419_MarLitter_transect08,category,,0.0,both,True
MPL-0041,S3:HE419_MarLitter_transect08,item_observation,,,S3:HE419_MarLitter_transect08,item_observation,,,both,True
MPL-0042,S3:HE419_MarLitter_transect07,item_observation,,,S3:HE419_MarLitter_transect07,item_observation,,,both,True
MPL-0043,S3:HE419_MarLitter_transect07,accepted,litter-visual,30.5,S3:HE419_MarLitter_transect07,accepted,litter-visual,30.5,both,True
MPL-0044,S3:HE419_MarLitter_transect07,category,,0.0,S3:HE419_MarLitter_transect07,category,,0.0,both,True
MPL-0045,S3:HE419_MarLitter_transect07,item_observation,,,S3:HE419_MarLitter_transect07,item_observation,,,both,True
MPL-0046,S3:HE419_MarLitter_transect14,item_observation,,,S3:HE419_MarLitter_transect14,item_observation,,,both,True
MPL-0047,S3:HE419_MarLitter_transect14,item_observation,,,S3:HE419_MarLitter_transect14,item_observation,,,both,True
MPL-0048,S3:HE419_MarLitter_transect13,item_observation,,,S3:HE419_MarLitter_transect13,item_observation,,,both,True
MPL-0049,S3:HE419_MarLitter_transect13,item_observation,,,S3:HE419_MarLitter_transect13,item_observation,,,both,True
MPL-0050,S3:HE419_MarLitter_transect13,item_observation,,,S3:HE419_MarLitter_transect13,item_observation,,,both,True
MPL-0051,S3:HE419_MarLitter_transect13,accepted,litter-visual,76.9,S3:HE419_MarLitter_transect13,accepted,litter-visual,76.9,both,True
MPL-0052,S3:HE419_MarLitter_transect13,category,,0.0,S3:HE419_MarLitter_transect13,category,,0.0,both,True
MPL-0053,S3:HE419_MarLitter_transect13,item_observation,,,S3:HE419_MarLitter_transect13,item_observation,,,both,True
MPL-0054,S3:HE419_MarLitter_transect09,item_observation,,,S3:HE419_MarLitter_transect09,item_observation,,,both,True
MPL-0055,S3:HE419_MarLitter_transect13,item_observation,,,S3:HE419_MarLitter_transect13,item_observation,,,both,True
MPL-0056,S3:HE419_MarLitter_transect14,accepted,litter-visual,34.2,S3:HE419_MarLitter_transect14,accepted,litter-visual,34.2,both,True
MPL-0057,S3:HE419_MarLitter_transect14,category,,0.0,S3:HE419_MarLitter_transect14,category,,0.0,both,True
MPL-0058,S3:HE419_MarLitter_transect14,item_observation,,,S3:HE419_MarLitter_transect14,item_observation,,,both,True
MPL-0059,S3:HE419_MarLitter_transect14,item_observation,,,S3:HE419_MarLitter_transect14,item_observation,,,both,True
MPL-0060,S3:HE419_MarLitter_transect09,accepted,litter-visual,46.0,S3:HE419_MarLitter_transect09,accepted,litter-visual,46.0,both,True
MPL-0061,S3:HE419_MarLitter_transect09,category,,0.0,S3:HE419_MarLitter_transect09,category,,0.0,both,True
MPL-0062,S3:HE419_MarLitter_transect14,item_observation,,,S3:HE419_MarLitter_transect14,item_observation,,,both,True
MPL-0063,S3:HE419_MarLitter_transect09,item_observation,,,S3:HE419_MarLitter_transect09,item_observation,,,both,True
MPL-0064,S3:HE419_MarLitter_transect14,item_observation,,,S3:HE419_MarLitter_transect14,item_observation,,,both,True
MPL-0065,S3:HE419_MarLitter_transect09,item_observation,,,S3:HE419_MarLitter_transect09,item_observation,,,both,True
MPL-0066,S3:HE419_MarLitter_transect09,item_observation,,,S3:HE419_MarLitter_transect09,item_observation,,,both,True
MPL-0067,S3:HE419_MarLitter_transect12,accepted,litter-visual,48.0,S3:HE419_MarLitter_transect12,accepted,litter-visual,48.0,both,True
MPL-0068,S3:HE419_MarLitter_transect12,category,,0.0,S3:HE419_MarLitter_transect12,category,,0.0,both,True
MPL-0069,S3:HE419_MarLitter_transect12,item_observation,,,S3:HE419_MarLitter_transect12,item_observation,,,both,True
MPL-0070,S3:HE419_MarLitter_transect12,item_observation,,,S3:HE419_MarLitter_transect12,item_observation,,,both,True
MPL-0071,S3:HE419_MarLitter_transect10,item_observation,,,S3:HE419_MarLitter_transect10,item_observation,,,both,True
MPL-0072,S3:HE419_MarLitter_transect10,item_observation,,,S3:HE419_MarLitter_transect10,item_observation,,,both,True
MPL-0073,S3:HE419_MarLitter_transect10,accepted,litter-visual,33.4,S3:HE419_MarLitter_transect10,accepted,litter-visual,33.4,both,True
MPL-0074,S3:HE419_MarLitter_transect10,category,,0.0,S3:HE419_MarLitter_transect10,category,,0.0,both,True
MPL-0075,S3:HE419_MarLitter_transect11,item_observation,,,S3:HE419_MarLitter_transect11,item_observation,,,both,True
MPL-0076,S3:HE419_MarLitter_transect11,accepted,litter-visual,31.1,S3:HE419_MarLitter_transect11,accepted,litter-visual,31.1,both,True
MPL-0077,S3:HE419_MarLitter_transect11,category,,0.0,S3:HE419_MarLitter_transect11,category,,0.0,both,True
MPL-0078,S3:HE419_MarLitter_transect11,item_observation,,,S3:HE419_MarLitter_transect11,item_observation,,,both,True
MPL-0079,S3:HE419_MarLitter_transect11,item_observation,,,S3:HE419_MarLitter_transect11,item_observation,,,both,True
MPL-0080,S3:HE419_MarLitter_transect11,item_observation,,,S3:HE419_MarLitter_transect11,item_observation,,,both,True
MPL-0081,S3:HE419_MarLitter_transect10,item_observation,,,S3:HE419_MarLitter_transect10,item_observation,,,both,True
MPL-0082,S3:HE419_MarLitter_transect18,item_observation,,,S3:HE419_MarLitter_transect18,item_observation,,,both,True
MPL-0083,S3:HE419_MarLitter_transect18,item_observation,,,S3:HE419_MarLitter_transect18,item_observation,,,both,True
MPL-0084,S3:HE419_MarLitter_transect15,item_observation,,,S3:HE419_MarLitter_transect15,item_observation,,,both,True
MPL-0085,S3:HE419_MarLitter_transect18,accepted,litter-visual,30.4,S3:HE419_MarLitter_transect18,accepted,litter-visual,30.4,both,True
MPL-0086,S3:HE419_MarLitter_transect18,category,,7.598,S3:HE419_MarLitter_transect18,category,,7.598,both,True
MPL-0087,S3:HE419_MarLitter_transect15,accepted,litter-visual,19.1,S3:HE419_MarLitter_transect15,accepted,litter-visual,19.1,both,True
MPL-0088,S3:HE419_MarLitter_transect15,category,,0.0,S3:HE419_MarLitter_transect15,category,,0.0,both,True
MPL-0089,S3:HE419_MarLitter_transect18,item_observation,,,S3:HE419_MarLitter_transect18,item_observation,,,both,True
MPL-0090,S3:HE419_MarLitter_transect18,item_observation,,,S3:HE419_MarLitter_transect18,item_observation,,,both,True
MPL-0091,S3:HE419_MarLitter_transect16,item_observation,,,S3:HE419_MarLitter_transect16,item_observation,,,both,True
MPL-0092,S3:HE419_MarLitter_transect16,accepted,litter-visual,16.8,S3:HE419_MarLitter_transect16,accepted,litter-visual,16.8,both,True
MPL-0093,S3:HE419_MarLitter_transect16,category,,0.0,S3:HE419_MarLitter_transect16,category,,0.0,both,True
MPL-0094,S3:HE419_MarLitter_transect17,accepted,litter-visual,8.3,S3:HE419_MarLitter_transect17,accepted,litter-visual,8.3,both,True
MPL-0095,S3:HE419_MarLitter_transect17,category,,0.0,S3:HE419_MarLitter_transect17,category,,0.0,both,True
MPL-0096,S3:HE419_MarLitter_transect20,accepted,litter-visual,23.6,S3:HE419_MarLitter_transect20,accepted,litter-visual,23.6,both,True
MPL-0097,S3:HE419_MarLitter_transect20,category,,0.0,S3:HE419_MarLitter_transect20,category,,0.0,both,True
MPL-0098,S3:HE419_MarLitter_transect20,item_observation,,,S3:HE419_MarLitter_transect20,item_observation,,,both,True
MPL-0099,S3:HE419_MarLitter_transect20,item_observation,,,S3:HE419_MarLitter_transect20,item_observation,,,both,True
MPL-0100,S3:HE419_MarLitter_transect20,item_observation,,,S3:HE419_MarLitter_transect20,item_observation,,,both,True
MPL-0101,S3:HE419_MarLitter_transect19,accepted,litter-visual,8.1,S3:HE419_MarLitter_transect19,accepted,litter-visual,8.1,both,True
MPL-0102,S3:HE419_MarLitter_transect19,category,,0.0,S3:HE419_MarLitter_transect19,category,,0.0,both,True
MPL-0103,S3:HE419_MarLitter_transect19,item_observation,,,S3:HE419_MarLitter_transect19,item_observation,,,both,True
MPL-0104,S3:HE419_MarLitter_transect21,item_observation,,,S3:HE419_MarLitter_transect21,item_observation,,,both,True
MPL-0105,S3:HE419_MarLitter_transect21,item_observation,,,S3:HE419_MarLitter_transect21,item_observation,,,both,True
MPL-0106,S3:HE419_MarLitter_transect21,item_observation,,,S3:HE419_MarLitter_transect21,item_observation,,,both,True
MPL-0107,S3:HE419_MarLitter_transect21,accepted,litter-visual,20.9,S3:HE419_MarLitter_transect21,accepted,litter-visual,20.9,both,True
MPL-0108,S3:HE419_MarLitter_transect21,category,,0.0,S3:HE419_MarLitter_transect21,category,,0.0,both,True
MPL-0109,S3:HE419_MarLitter_transect22,accepted,litter-visual,12.7,S3:HE419_MarLitter_transect22,accepted,litter-visual,12.7,both,True
MPL-0110,S3:HE419_MarLitter_transect22,category,,0.0,S3:HE419_MarLitter_transect22,category,,0.0,both,True
MPL-0111,S3:HE419_MarLitter_transect23,item_observation,,,S3:HE419_MarLitter_transect23,item_observation,,,both,True
MPL-0112,S3:HE419_MarLitter_transect23,item_observation,,,S3:HE419_MarLitter_transect23,item_observation,,,both,True
MPL-0113,S3:HE419_MarLitter_transect23,item_observation,,,S3:HE419_MarLitter_transect23,item_observation,,,both,True
MPL-0114,S3:HE419_MarLitter_transect23,accepted,litter-visual,145.7,S3:HE419_MarLitter_transect23,accepted,litter-visual,145.7,both,True
MPL-0115,S3:HE419_MarLitter_transect23,category,,13.247,S3:HE419_MarLitter_transect23,category,,13.247,both,True
MPL-0116,S3:HE419_MarLitter_transect23,item_observation,,,S3:HE419_MarLitter_transect23,item_observation,,,both,True
MPL-0117,S3:HE419_MarLitter_transect23,item_observation,,,S3:HE419_MarLitter_transect23,item_observation,,,both,True
MPL-0118,S3:HE419_MarLitter_transect23,item_observation,,,S3:HE419_MarLitter_transect23,item_observation,,,both,True
MPL-0119,S3:HE419_MarLitter_transect23,item_observation,,,S3:HE419_MarLitter_transect23,item_observation,,,both,True
MPL-0120,S3:HE419_MarLitter_transect23,item_observation,,,S3:HE419_MarLitter_transect23,item_observation,,,both,True
MPL-0121,S3:HE419_MarLitter_transect23,item_observation,,,S3:HE419_MarLitter_transect23,item_observation,,,both,True
MPL-0122,S3:HE419_MarLitter_transect24,item_observation,,,S3:HE419_MarLitter_transect24,item_observation,,,both,True
MPL-0123,S3:HE419_MarLitter_transect24,accepted,litter-visual,31.2,S3:HE419_MarLitter_transect24,accepted,litter-visual,31.2,both,True
MPL-0124,S3:HE419_MarLitter_transect24,category,,0.0,S3:HE419_MarLitter_transect24,category,,0.0,both,True
MPL-0125,S3:HE419_MarLitter_transect24,item_observation,,,S3:HE419_MarLitter_transect24,item_observation,,,both,True
MPL-0126,S3:HE419_MarLitter_transect24,item_observation,,,S3:HE419_MarLitter_transect24,item_observation,,,both,True
MPL-0127,S3:HE419_MarLitter_transect25,item_observation,,,S3:HE419_MarLitter_transect25,item_observation,,,both,True
MPL-0128,S3:HE419_MarLitter_transect25,item_observation,,,S3:HE419_MarLitter_transect25,item_observation,,,both,True
MPL-0129,S3:HE419_MarLitter_transect25,item_observation,,,S3:HE419_MarLitter_transect25,item_observation,,,both,True
MPL-0130,S3:HE419_MarLitter_transect25,item_observation,,,S3:HE419_MarLitter_transect25,item_observation,,,both,True
MPL-0131,S3:HE419_MarLitter_transect25,item_observation,,,S3:HE419_MarLitter_transect25,item_observation,,,both,True
MPL-0132,S3:HE419_MarLitter_transect25,accepted,litter-visual,65.1,S3:HE419_MarLitter_transect25,accepted,litter-visual,65.1,both,True
MPL-0133,S3:HE419_MarLitter_transect25,category,,0.0,S3:HE419_MarLitter_transect25,category,,0.0,both,True
MPL-0134,S3:HE419_MarLitter_transect25,item_observation,,,S3:HE419_MarLitter_transect25,item_observation,,,both,True
MPL-0135,S3:HE419_MarLitter_transect25,item_observation,,,S3:HE419_MarLitter_transect25,item_observation,,,both,True
MPL-0136,S3:HE419_MarLitter_transect26,item_observation,,,S3:HE419_MarLitter_transect26,item_observation,,,both,True
MPL-0137,S3:HE419_MarLitter_transect26,item_observation,,,S3:HE419_MarLitter_transect26,item_observation,,,both,True
MPL-0138,S3:HE419_MarLitter_transect26,accepted,litter-visual,31.4,S3:HE419_MarLitter_transect26,accepted,litter-visual,31.4,both,True
MPL-0139,S3:HE419_MarLitter_transect26,category,,0.0,S3:HE419_MarLitter_transect26,category,,0.0,both,True
MPL-0140,S3:HE419_MarLitter_transect27,item_observation,,,S3:HE419_MarLitter_transect27,item_observation,,,both,True
MPL-0141,S3:HE419_MarLitter_transect27,accepted,litter-visual,13.9,S3:HE419_MarLitter_transect27,accepted,litter-visual,13.9,both,True
MPL-0142,S3:HE419_MarLitter_transect27,category,,0.0,S3:HE419_MarLitter_transect27,category,,0.0,both,True
MPL-0143,S3:HE419_MarLitter_transect32,item_observation,,,S3:HE419_MarLitter_transect32,item_observation,,,both,True
MPL-0144,S3:HE419_MarLitter_transect32,item_observation,,,S3:HE419_MarLitter_transect32,item_observation,,,both,True
MPL-0145,S3:HE419_MarLitter_transect32,item_observation,,,S3:HE419_MarLitter_transect32,item_observation,,,both,True
MPL-0146,S3:HE419_MarLitter_transect32,accepted,litter-visual,19.7,S3:HE419_MarLitter_transect32,accepted,litter-visual,19.7,both,True
MPL-0147,S3:HE419_MarLitter_transect32,category,,0.0,S3:HE419_MarLitter_transect32,category,,0.0,both,True
MPL-0148,S3:HE419_MarLitter_transect31,accepted,litter-visual,6.1,S3:HE419_MarLitter_transect31,accepted,litter-visual,6.1,both,True
MPL-0149,S3:HE419_MarLitter_transect31,category,,0.0,S3:HE419_MarLitter_transect31,category,,0.0,both,True
MPL-0150,S3:HE419_MarLitter_transect32,item_observation,,,S3:HE419_MarLitter_transect32,item_observation,,,both,True
MPL-0151,S3:HE419_MarLitter_transect32,item_observation,,,S3:HE419_MarLitter_transect32,item_observation,,,both,True
MPL-0152,S3:HE419_MarLitter_transect31,item_observation,,,S3:HE419_MarLitter_transect31,item_observation,,,both,True
MPL-0153,S3:HE419_MarLitter_transect30,item_observation,,,S3:HE419_MarLitter_transect30,item_observation,,,both,True
MPL-0154,S3:HE419_MarLitter_transect30,item_observation,,,S3:HE419_MarLitter_transect30,item_observation,,,both,True
MPL-0155,S3:HE419_MarLitter_transect30,item_observation,,,S3:HE419_MarLitter_transect30,item_observation,,,both,True
MPL-0156,S3:HE419_MarLitter_transect30,item_observation,,,S3:HE419_MarLitter_transect30,item_observation,,,both,True
MPL-0157,S3:HE419_MarLitter_transect30,item_observation,,,S3:HE419_MarLitter_transect30,item_observation,,,both,True
MPL-0158,S3:HE419_MarLitter_transect30,accepted,litter-visual,195.1,S3:HE419_MarLitter_transect30,accepted,litter-visual,195.1,both,True
MPL-0159,S3:HE419_MarLitter_transect30,category,,0.0,S3:HE419_MarLitter_transect30,category,,0.0,both,True
MPL-0160,S3:HE419_MarLitter_transect30,item_observation,,,S3:HE419_MarLitter_transect30,item_observation,,,both,True
MPL-0161,S3:HE419_MarLitter_transect30,item_observation,,,S3:HE419_MarLitter_transect30,item_observation,,,both,True
MPL-0162,S3:HE419_MarLitter_transect29,item_observation,,,S3:HE419_MarLitter_transect29,item_observation,,,both,True
MPL-0163,S3:HE419_MarLitter_transect29,item_observation,,,S3:HE419_MarLitter_transect29,item_observation,,,both,True
MPL-0164,S3:HE419_MarLitter_transect29,item_observation,,,S3:HE419_MarLitter_transect29,item_observation,,,both,True
MPL-0165,S3:HE419_MarLitter_transect29,item_observation,,,S3:HE419_MarLitter_transect29,item_observation,,,both,True
MPL-0166,S3:HE419_MarLitter_transect29,accepted,litter-visual,17.3,S3:HE419_MarLitter_transect29,accepted,litter-visual,17.3,both,True
MPL-0167,S3:HE419_MarLitter_transect29,category,,0.0,S3:HE419_MarLitter_transect29,category,,0.0,both,True
MPL-0168,S3:HE419_MarLitter_transect28,item_observation,,,S3:HE419_MarLitter_transect28,item_observation,,,both,True
MPL-0169,S3:HE419_MarLitter_transect28,item_observation,,,S3:HE419_MarLitter_transect28,item_observation,,,both,True
MPL-0170,S3:HE419_MarLitter_transect28,item_observation,,,S3:HE419_MarLitter_transect28,item_observation,,,both,True
MPL-0171,S3:HE419_MarLitter_transect28,accepted,litter-visual,43.1,S3:HE419_MarLitter_transect28,accepted,litter-visual,43.1,both,True
MPL-0172,S3:HE419_MarLitter_transect28,category,,0.0,S3:HE419_MarLitter_transect28,category,,0.0,both,True
MPL-0173,S3:HE419_MarLitter_transect28,item_observation,,,S3:HE419_MarLitter_transect28,item_observation,,,both,True
MPL-0174,S3:HE419_MarLitter_transect28,item_observation,,,S3:HE419_MarLitter_transect28,item_observation,,,both,True
MPL-0175,S3:HE419_MarLitter_transect38,item_observation,,,S3:HE419_MarLitter_transect38,item_observation,,,both,True
MPL-0176,S3:HE419_MarLitter_transect38,accepted,litter-visual,32.1,S3:HE419_MarLitter_transect38,accepted,litter-visual,32.1,both,True
MPL-0177,S3:HE419_MarLitter_transect38,category,,0.0,S3:HE419_MarLitter_transect38,category,,0.0,both,True
MPL-0178,S3:HE419_MarLitter_transect38,item_observation,,,S3:HE419_MarLitter_transect38,item_observation,,,both,True
MPL-0179,S3:HE419_MarLitter_transect37,accepted,litter-visual,9.1,S3:HE419_MarLitter_transect37,accepted,litter-visual,9.1,both,True
MPL-0180,S3:HE419_MarLitter_transect37,category,,0.0,S3:HE419_MarLitter_transect37,category,,0.0,both,True
MPL-0181,S3:HE419_MarLitter_transect37,item_observation,,,S3:HE419_MarLitter_transect37,item_observation,,,both,True
MPL-0182,S3:HE419_MarLitter_transect35,item_observation,,,S3:HE419_MarLitter_transect35,item_observation,,,both,True
MPL-0183,S3:HE419_MarLitter_transect34,accepted,litter-visual,6.4,S3:HE419_MarLitter_transect34,accepted,litter-visual,6.4,both,True
MPL-0184,S3:HE419_MarLitter_transect34,category,,0.0,S3:HE419_MarLitter_transect34,category,,0.0,both,True
MPL-0185,S3:HE419_MarLitter_transect35,accepted,litter-visual,16.2,S3:HE419_MarLitter_transect35,accepted,litter-visual,16.2,both,True
MPL-0186,S3:HE419_MarLitter_transect35,category,,0.0,S3:HE419_MarLitter_transect35,category,,0.0,both,True
MPL-0187,S3:HE419_MarLitter_transect34,item_observation,,,S3:HE419_MarLitter_transect34,item_observation,,,both,True
MPL-0188,S3:HE419_MarLitter_transect36,accepted,litter-visual,9.9,S3:HE419_MarLitter_transect36,accepted,litter-visual,9.9,both,True
MPL-0189,S3:HE419_MarLitter_transect36,category,,9.915,S3:HE419_MarLitter_transect36,category,,9.915,both,True
MPL-0190,S3:HE419_MarLitter_transect36,item_observation,,,S3:HE419_MarLitter_transect36,item_observation,,,both,True
MPL-0191,S3:HE419_MarLitter_transect33,item_observation,,,S3:HE419_MarLitter_transect33,item_observation,,,both,True
MPL-0192,S3:HE419_MarLitter_transect33,accepted,litter-visual,17.9,S3:HE419_MarLitter_transect33,accepted,litter-visual,17.9,both,True
MPL-0193,S3:HE419_MarLitter_transect33,category,,8.951,S3:HE419_MarLitter_transect33,category,,8.951,both,True
MPL-0194,S3:HE419_MarLitter_transect33,item_observation,,,S3:HE419_MarLitter_transect33,item_observation,,,both,True
MPL-0195,S3:HE419_MarLitter_transect35,item_observation,,,S3:HE419_MarLitter_transect35,item_observation,,,both,True
MPL-0196,S2:MSM41_litter-T1,item_observation,,,S2:MSM41_litter-T1,item_observation,,,both,True
MPL-0197,S2:MSM41_litter-T1,accepted,plastic-visual,20.325203252,S2:MSM41_litter-T1,accepted,plastic-visual,20.3252,both,True
MPL-0198,S2:MSM41_litter-T1,category,,20.325203252,S2:MSM41_litter-T1,category,,20.3252,both,True
MPL-0199,S2:MSM41_litter-T1,item_observation,,,S2:MSM41_litter-T1,item_observation,,,both,True
MPL-0200,S2:MSM41_litter-T5,accepted,plastic-visual,15.535187199,S2:MSM41_litter-T5,accepted,plastic-visual,15.5352,both,True
MPL-0201,S2:MSM41_litter-T5,category,,15.535187199,S2:MSM41_litter-T5,category,,15.5352,both,True
MPL-0202,S2:MSM41_litter-T5,item_observation,,,S2:MSM41_litter-T5,item_observation,,,both,True
MPL-0203,S2:MSM41_litter-T4,accepted,plastic-visual,28.6123032904,S2:MSM41_litter-T4,accepted,plastic-visual,28.6123,both,True
MPL-0204,S2:MSM41_litter-T4,category,,8.17494379726,S2:MSM41_litter-T4,category,,8.17494,both,True
MPL-0205,S2:MSM41_litter-T4,category,,20.4373594932,S2:MSM41_litter-T4,category,,20.4374,both,True
MPL-0206,S2:MSM41_litter-T4,item_observation,,,S2:MSM41_litter-T4,item_observation,,,both,True
MPL-0207,S2:MSM41_litter-T4,item_observation,,,S2:MSM41_litter-T4,item_observation,,,both,True
MPL-0208,S2:MSM41_litter-T3,item_observation,,,S2:MSM41_litter-T3,item_observation,,,both,True
MPL-0209,S2:MSM41_litter-T3,accepted,plastic-visual,20.7458119392,S2:MSM41_litter-T3,accepted,plastic-visual,20.7458,both,True
MPL-0210,S2:MSM41_litter-T3,category,,20.7458119392,S2:MSM41_litter-T3,category,,20.7458,both,True
MPL-0211,S2:MSM41_litter-T2,item_observation,,,S2:MSM41_litter-T2,item_observation,,,both,True
MPL-0212,S2:MSM41_litter-T2,item_observation,,,S2:MSM41_litter-T2,item_observation,,,both,True
MPL-0213,S2:MSM41_litter-T2,item_observation,,,S2:MSM41_litter-T2,item_observation,,,both,True
MPL-0214,S2:MSM41_litter-T2,accepted,plastic-visual,43.861572876,S2:MSM41_litter-T2,accepted,plastic-visual,43.8616,both,True
MPL-0215,S2:MSM41_litter-T2,category,,43.861572876,S2:MSM41_litter-T2,category,,43.8616,both,True
MPL-0216,S2:MSM41_litter-T8,accepted,plastic-visual,15.3759417764,S2:MSM41_litter-T8,accepted,plastic-visual,15.3759,both,True
MPL-0217,S2:MSM41_litter-T8,category,,15.3759417764,S2:MSM41_litter-T8,category,,15.3759,both,True
MPL-0218,S2:MSM41_litter-T8,item_observation,,,S2:MSM41_litter-T8,item_observation,,,both,True
MPL-0219,S2:MSM41_litter-T7,item_observation,,,S2:MSM41_litter-T7,item_observation,,,both,True
MPL-0220,S2:MSM41_litter-T7,accepted,plastic-visual,37.886760682,S2:MSM41_litter-T7,accepted,plastic-visual,37.8868,both,True
MPL-0221,S2:MSM41_litter-T7,category,,37.886760682,S2:MSM41_litter-T7,category,,37.8868,both,True
MPL-0222,S2:MSM41_litter-T7,item_observation,,,S2:MSM41_litter-T7,item_observation,,,both,True
MPL-0223,S2:MSM41_litter-T6,item_observation,,,S2:MSM41_litter-T6,item_observation,,,both,True
MPL-0224,S2:MSM41_litter-T6,item_observation,,,S2:MSM41_litter-T6,item_observation,,,both,True
MPL-0225,S2:MSM41_litter-T6,item_observation,,,S2:MSM41_litter-T6,item_observation,,,both,True
MPL-0226,S2:MSM41_litter-T6,accepted,plastic-visual,33.2446808511,S2:MSM41_litter-T6,accepted,plastic-visual,33.2447,both,True
MPL-0227,S2:MSM41_litter-T6,category,,33.2446808511,S2:MSM41_litter-T6,category,,33.2447,both,True
MPL-0228,S2:MSM41_litter-T10,item_observation,,,S2:MSM41_litter-T10,item_observation,,,both,True
MPL-0229,S2:MSM41_litter-T10,accepted,plastic-visual,16.746912288,S2:MSM41_litter-T10,accepted,plastic-visual,16.7469,both,True
MPL-0230,S2:MSM41_litter-T10,category,,16.746912288,S2:MSM41_litter-T10,category,,16.7469,both,True
MPL-0231,S2:MSM41_litter-T10,item_observation,,,S2:MSM41_litter-T10,item_observation,,,both,True
MPL-0232,S2:MSM41_litter-T12,item_observation,,,S2:MSM41_litter-T12,item_observation,,,both,True
MPL-0233,S2:MSM41_litter-T12,accepted,plastic-visual,21.8126295125,S2:MSM41_litter-T12,accepted,plastic-visual,21.8126,both,True
MPL-0234,S2:MSM41_litter-T12,category,,21.8126295125,S2:MSM41_litter-T12,category,,21.8126,both,True
MPL-0235,S2:MSM41_litter-T11,accepted,plastic-visual,19.3330111165,S2:MSM41_litter-T11,accepted,plastic-visual,19.333,both,True
MPL-0236,S2:MSM41_litter-T11,category,,19.3330111165,S2:MSM41_litter-T11,category,,19.333,both,True
MPL-0237,S2:MSM41_litter-T16,accepted,plastic-visual,8.63781636002,S2:MSM41_litter-T16,accepted,plastic-visual,8.63782,both,True
MPL-0238,S2:MSM41_litter-T16,category,,8.63781636002,S2:MSM41_litter-T16,category,,8.63782,both,True
MPL-0239,S2:MSM41_litter-T16,item_observation,,,S2:MSM41_litter-T16,item_observation,,,both,True
MPL-0240,S2:MSM41_litter-T15,item_observation,,,S2:MSM41_litter-T15,item_observation,,,both,True
MPL-0241,S2:MSM41_litter-T15,accepted,plastic-visual,21.7164697707,S2:MSM41_litter-T15,accepted,plastic-visual,21.7165,both,True
MPL-0242,S2:MSM41_litter-T15,category,,21.7164697707,S2:MSM41_litter-T15,category,,21.7165,both,True
MPL-0243,S2:MSM41_litter-T14,item_observation,,,S2:MSM41_litter-T14,item_observation,,,both,True
MPL-0244,S2:MSM41_litter-T14,item_observation,,,S2:MSM41_litter-T14,item_observation,,,both,True
MPL-0245,S2:MSM41_litter-T14,item_observation,,,S2:MSM41_litter-T14,item_observation,,,both,True
MPL-0246,S2:MSM41_litter-T14,accepted,plastic-visual,98.2111539811,S2:MSM41_litter-T14,accepted,plastic-visual,98.2112,both,True
MPL-0247,S2:MSM41_litter-T14,category,,98.2111539811,S2:MSM41_litter-T14,category,,98.2112,both,True
MPL-0248,S2:MSM41_litter-T14,item_observation,,,S2:MSM41_litter-T14,item_observation,,,both,True
MPL-0249,S2:MSM41_litter-T13,accepted,plastic-visual,17.5284837862,S2:MSM41_litter-T13,accepted,plastic-visual,17.5285,both,True
MPL-0250,S2:MSM41_litter-T13,category,,13.1463628396,S2:MSM41_litter-T13,category,,13.1464,both,True
MPL-0251,S2:MSM41_litter-T13,category,,4.38212094654,S2:MSM41_litter-T13,category,,4.38212,both,True
MPL-0252,S2:MSM41_litter-T13,item_observation,,,S2:MSM41_litter-T13,item_observation,,,both,True
MPL-0253,S2:MSM41_litter-T17,item_observation,,,S2:MSM41_litter-T17,item_observation,,,both,True
MPL-0254,S2:MSM41_litter-T17,accepted,plastic-visual,30.6426195062,S2:MSM41_litter-T17,accepted,plastic-visual,30.6426,both,True
MPL-0255,S2:MSM41_litter-T17,category,,30.6426195062,S2:MSM41_litter-T17,category,,30.6426,both,True
MPL-0256,S2:MSM41_litter-T17,item_observation,,,S2:MSM41_litter-T17,item_observation,,,both,True
MPL-0257,S2:MSM41_litter-T18,item_observation,,,S2:MSM41_litter-T18,item_observation,,,both,True
MPL-0258,S2:MSM41_litter-T18,item_observation,,,S2:MSM41_litter-T18,item_observation,,,both,True
MPL-0259,S2:MSM41_litter-T18,item_observation,,,S2:MSM41_litter-T18,item_observation,,,both,True
MPL-0260,S2:MSM41_litter-T18,accepted,plastic-visual,63.6363636364,S2:MSM41_litter-T18,accepted,plastic-visual,63.6364,both,True
MPL-0261,S2:MSM41_litter-T18,category,,63.6363636364,S2:MSM41_litter-T18,category,,63.6364,both,True
MPL-0262,S2:MSM41_litter-T18,item_observation,,,S2:MSM41_litter-T18,item_observation,,,both,True
MPL-0263,S2:MSM41_litter-T19,item_observation,,,S2:MSM41_litter-T19,item_observation,,,both,True
MPL-0264,S2:MSM41_litter-T19,accepted,plastic-visual,12.9126673266,S2:MSM41_litter-T19,accepted,plastic-visual,12.9127,both,True
MPL-0265,S2:MSM41_litter-T19,category,,12.9126673266,S2:MSM41_litter-T19,category,,12.9127,both,True
MPL-0266,S2:MSM41_litter-T20,item_observation,,,S2:MSM41_litter-T20,item_observation,,,both,True
MPL-0267,S2:MSM41_litter-T20,accepted,plastic-visual,30.7287093942,S2:MSM41_litter-T20,accepted,plastic-visual,30.7287,both,True
MPL-0268,S2:MSM41_litter-T20,category,,30.7287093942,S2:MSM41_litter-T20,category,,30.7287,both,True
MPL-0269,S2:MSM41_litter-T20,item_observation,,,S2:MSM41_litter-T20,item_observation,,,both,True
MPL-0270,S2:MSM41_litter-T21,item_observation,,,S2:MSM41_litter-T21,item_observation,,,both,True
MPL-0271,S2:MSM41_litter-T21,accepted,plastic-visual,33.0305532618,S2:MSM41_litter-T21,accepted,plastic-visual,33.0306,both,True
MPL-0272,S2:MSM41_litter-T21,category,,33.0305532618,S2:MSM41_litter-T21,category,,33.0306,both,True
MPL-0273,S2:MSM41_litter-T21,item_observation,,,S2:MSM41_litter-T21,item_observation,,,both,True
MPL-0274,S2:MSM41_litter-T21,item_observation,,,S2:MSM41_litter-T21,item_observation,,,both,True
MPL-0275,S2:MSM41_litter-T22,item_observation,,,S2:MSM41_litter-T22,item_observation,,,both,True
MPL-0276,S2:MSM41_litter-T22,item_observation,,,S2:MSM41_litter-T22,item_observation,,,both,True
MPL-0277,S2:MSM41_litter-T22,accepted,plastic-visual,41.6666666667,S2:MSM41_litter-T22,accepted,plastic-visual,41.6667,both,True
MPL-0278,S2:MSM41_litter-T22,category,,41.6666666667,S2:MSM41_litter-T22,category,,41.6667,both,True
MPL-0279,S2:MSM41_litter-T22,item_observation,,,S2:MSM41_litter-T22,item_observation,,,both,True
MPL-0280,S2:MSM41_litter-T23,item_observation,,,S2:MSM41_litter-T23,item_observation,,,both,True
MPL-0281,S2:MSM41_litter-T23,item_observation,,,S2:MSM41_litter-T23,item_observation,,,both,True
MPL-0282,S2:MSM41_litter-T23,item_observation,,,S2:MSM41_litter-T23,item_observation,,,both,True
MPL-0283,S2:MSM41_litter-T23,accepted,plastic-visual,73.4963864277,S2:MSM41_litter-T23,accepted,plastic-visual,73.4964,both,True
MPL-0284,S2:MSM41_litter-T23,category,,73.4963864277,S2:MSM41_litter-T23,category,,73.4964,both,True
MPL-0285,S2:MSM41_litter-T23,item_observation,,,S2:MSM41_litter-T23,item_observation,,,both,True
MPL-0286,S2:MSM41_litter-T23,item_observation,,,S2:MSM41_litter-T23,item_observation,,,both,True
MPL-0287,S2:MSM41_litter-T24,item_observation,,,S2:MSM41_litter-T24,item_observation,,,both,True
MPL-0288,S2:MSM41_litter-T24,item_observation,,,S2:MSM41_litter-T24,item_observation,,,both,True
MPL-0289,S2:MSM41_litter-T24,accepted,plastic-visual,97.8723404255,S2:MSM41_litter-T24,accepted,plastic-visual,97.8723,both,True
MPL-0290,S2:MSM41_litter-T24,category,,97.8723404255,S2:MSM41_litter-T24,category,,97.8723,both,True
MPL-0291,S2:MSM41_litter-T24,item_observation,,,S2:MSM41_litter-T24,item_observation,,,both,True
MPL-0292,S2:MSM41_litter-T24,item_observation,,,S2:MSM41_litter-T24,item_observation,,,both,True
MPL-0293,S2:MSM41_litter-T24,item_observation,,,S2:MSM41_litter-T24,item_observation,,,both,True
MPL-0294,S2:MSM41_litter-T24,item_observation,,,S2:MSM41_litter-T24,item_observation,,,both,True
MPL-0295,S2:MSM41_litter-T25,item_observation,,,S2:MSM41_litter-T25,item_observation,,,both,True
MPL-0296,S2:MSM41_litter-T25,item_observation,,,S2:MSM41_litter-T25,item_observation,,,both,True
MPL-0297,S2:MSM41_litter-T25,accepted,plastic-visual,91.8235318669,S2:MSM41_litter-T25,accepted,plastic-visual,91.8235,both,True
MPL-0298,S2:MSM41_litter-T25,category,,91.8235318669,S2:MSM41_litter-T25,category,,91.8235,both,True
MPL-0299,S2:MSM41_litter-T25,item_observation,,,S2:MSM41_litter-T25,item_observation,,,both,True
MPL-0300,S2:MSM41_litter-T25,item_observation,,,S2:MSM41_litter-T25,item_observation,,,both,True
MPL-0301,S2:MSM41_litter-T25,item_observation,,,S2:MSM41_litter-T25,item_observation,,,both,True
MPL-0302,S2:MSM41_litter-T26,accepted,plastic-visual,32.693093584,S2:MSM41_litter-T26,accepted,plastic-visual,32.6931,both,True
MPL-0303,S2:MSM41_litter-T26,category,,32.693093584,S2:MSM41_litter-T26,category,,32.6931,both,True
MPL-0304,S2:MSM41_litter-T26,item_observation,,,S2:MSM41_litter-T26,item_observation,,,both,True
MPL-0305,S2:MSM41_litter-T27,item_observation,,,S2:MSM41_litter-T27,item_observation,,,both,True
MPL-0306,S2:MSM41_litter-T27,item_observation,,,S2:MSM41_litter-T27,item_observation,,,both,True
MPL-0307,S2:MSM41_litter-T29,item_observation,,,S2:MSM41_litter-T29,item_observation,,,both,True
MPL-0308,S2:MSM41_litter-T29,item_observation,,,S2:MSM41_litter-T29,item_observation,,,both,True
MPL-0309,S2:MSM41_litter-T27,accepted,plastic-visual,61.0687022901,S2:MSM41_litter-T27,accepted,plastic-visual,61.0687,both,True
MPL-0310,S2:MSM41_litter-T27,category,,61.0687022901,S2:MSM41_litter-T27,category,,61.0687,both,True
MPL-0311,S2:MSM41_litter-T29,accepted,plastic-visual,60.21246398,S2:MSM41_litter-T29,accepted,plastic-visual,60.2125,both,True
MPL-0312,S2:MSM41_litter-T29,category,,55.9115736958,S2:MSM41_litter-T29,category,,55.9116,both,True
MPL-0313,S2:MSM41_litter-T29,category,,4.30089028429,S2:MSM41_litter-T29,category,,4.30089,both,True
MPL-0314,S2:MSM41_litter-T29,item_observation,,,S2:MSM41_litter-T29,item_observation,,,both,True
MPL-0315,S2:MSM41_litter-T27,item_observation,,,S2:MSM41_litter-T27,item_observation,,,both,True
MPL-0316,S2:MSM41_litter-T29,item_observation,,,S2:MSM41_litter-T29,item_observation,,,both,True
MPL-0317,S2:MSM41_litter-T28,item_observation,,,S2:MSM41_litter-T28,item_observation,,,both,True
MPL-0318,S2:MSM41_litter-T27,item_observation,,,S2:MSM41_litter-T27,item_observation,,,both,True
MPL-0319,S2:MSM41_litter-T28,item_observation,,,S2:MSM41_litter-T28,item_observation,,,both,True
MPL-0320,S2:MSM41_litter-T28,accepted,plastic-visual,54.6608922339,S2:MSM41_litter-T28,accepted,plastic-visual,54.6609,both,True
MPL-0321,S2:MSM41_litter-T28,category,,50.456208216,S2:MSM41_litter-T28,category,,50.4562,both,True
MPL-0322,S2:MSM41_litter-T28,category,,4.204684018,S2:MSM41_litter-T28,category,,4.20468,both,True
MPL-0323,S2:MSM41_litter-T28,item_observation,,,S2:MSM41_litter-T28,item_observation,,,both,True
MPL-0324,S2:MSM41_litter-T28,item_observation,,,S2:MSM41_litter-T28,item_observation,,,both,True
MPL-0325,S2:MSM41_litter-T27,item_observation,,,S2:MSM41_litter-T27,item_observation,,,both,True
MPL-0326,S2:MSM41_litter-T32,item_observation,,,S2:MSM41_litter-T32,item_observation,,,both,True
MPL-0327,S2:MSM41_litter-T32,item_observation,,,S2:MSM41_litter-T32,item_observation,,,both,True
MPL-0328,S2:MSM41_litter-T32,item_observation,,,S2:MSM41_litter-T32,item_observation,,,both,True
MPL-0329,S2:MSM41_litter-T32,accepted,plastic-visual,69.0786633279,S2:MSM41_litter-T32,accepted,plastic-visual,69.0787,both,True
MPL-0330,S2:MSM41_litter-T32,category,,64.7612468699,S2:MSM41_litter-T32,category,,64.7612,both,True
MPL-0331,S2:MSM41_litter-T32,category,,4.31741645799,S2:MSM41_litter-T32,category,,4.31742,both,True
MPL-0332,S2:MSM41_litter-T32,item_observation,,,S2:MSM41_litter-T32,item_observation,,,both,True
MPL-0333,S2:MSM41_litter-T32,item_observation,,,S2:MSM41_litter-T32,item_observation,,,both,True
MPL-0334,S2:MSM41_litter-T31,item_observation,,,S2:MSM41_litter-T31,item_observation,,,both,True
MPL-0335,S2:MSM41_litter-T31,item_observation,,,S2:MSM41_litter-T31,item_observation,,,both,True
MPL-0336,S2:MSM41_litter-T31,accepted,plastic-visual,77.0975056689,S2:MSM41_litter-T31,accepted,plastic-visual,77.0975,both,True
MPL-0337,S2:MSM41_litter-T31,category,,77.0975056689,S2:MSM41_litter-T31,category,,77.0975,both,True
MPL-0338,S2:MSM41_litter-T31,item_observation,,,S2:MSM41_litter-T31,item_observation,,,both,True
MPL-0339,S2:MSM41_litter-T31,item_observation,,,S2:MSM41_litter-T31,item_observation,,,both,True
MPL-0340,S2:MSM41_litter-T31,item_observation,,,S2:MSM41_litter-T31,item_observation,,,both,True
MPL-0341,S2:MSM41_litter-T30,item_observation,,,S2:MSM41_litter-T30,item_observation,,,both,True
MPL-0342,S2:MSM41_litter-T30,accepted,plastic-visual,22.7977384643,S2:MSM41_litter-T30,accepted,plastic-visual,22.7977,both,True
MPL-0343,S2:MSM41_litter-T30,category,,22.7977384643,S2:MSM41_litter-T30,category,,22.7977,both,True
MPL-0344,S2:MSM41_litter-T30,item_observation,,,S2:MSM41_litter-T30,item_observation,,,both,True
MPL-0345,S2:MSM41_litter-T34,item_observation,,,S2:MSM41_litter-T34,item_observation,,,both,True
MPL-0346,S2:MSM41_litter-T34,accepted,plastic-visual,65.5451168888,S2:MSM41_litter-T34,accepted,plastic-visual,65.5451,both,True
MPL-0347,S2:MSM41_litter-T34,category,,65.5451168888,S2:MSM41_litter-T34,category,,65.5451,both,True
MPL-0348,S2:MSM41_litter-T34,item_observation,,,S2:MSM41_litter-T34,item_observation,,,both,True
MPL-0349,S2:MSM41_litter-T34,item_observation,,,S2:MSM41_litter-T34,item_observation,,,both,True
MPL-0350,S2:MSM41_litter-T33,item_observation,,,S2:MSM41_litter-T33,item_observation,,,both,True
MPL-0351,S2:MSM41_litter-T33,accepted,plastic-visual,22.3693629205,S2:MSM41_litter-T33,accepted,plastic-visual,22.3694,both,True
MPL-0352,S2:MSM41_litter-T33,category,,22.3693629205,S2:MSM41_litter-T33,category,,22.3694,both,True
MPL-0353,S2:MSM41_litter-T33,item_observation,,,S2:MSM41_litter-T33,item_observation,,,both,True
MPL-0354,S2:MSM41_litter-T37,accepted,plastic-visual,4.33952438813,S2:MSM41_litter-T37,accepted,plastic-visual,4.33952,both,True
MPL-0355,S2:MSM41_litter-T37,category,,4.33952438813,S2:MSM41_litter-T37,category,,4.33952,both,True
MPL-0356,S2:MSM41_litter-T35,item_observation,,,S2:MSM41_litter-T35,item_observation,,,both,True
MPL-0357,S2:MSM41_litter-T35,item_observation,,,S2:MSM41_litter-T35,item_observation,,,both,True
MPL-0358,S2:MSM41_litter-T35,accepted,plastic-visual,50.0,S2:MSM41_litter-T35,accepted,plastic-visual,50.0,both,True
MPL-0359,S2:MSM41_litter-T35,category,,50.0,S2:MSM41_litter-T35,category,,50.0,both,True
MPL-0360,S2:MSM41_litter-T35,item_observation,,,S2:MSM41_litter-T35,item_observation,,,both,True
MPL-0361,S2:MSM41_litter-T38,accepted,plastic-visual,9.82752690285,S2:MSM41_litter-T38,accepted,plastic-visual,9.82753,both,True
MPL-0362,S2:MSM41_litter-T38,category,,9.82752690285,S2:MSM41_litter-T38,category,,9.82753,both,True
MPL-0363,S2:MSM41_litter-T38,item_observation,,,S2:MSM41_litter-T38,item_observation,,,both,True
MPL-0364,S2:MSM41_litter-T40,accepted,plastic-visual,11.7647058824,S2:MSM41_litter-T40,accepted,plastic-visual,11.7647,both,True
MPL-0365,S2:MSM41_litter-T40,category,,11.7647058824,S2:MSM41_litter-T40,category,,11.7647,both,True
MPL-0366,S2:MSM41_litter-T40,item_observation,,,S2:MSM41_litter-T40,item_observation,,,both,True
MPL-0367,S2:MSM41_litter-T39,accepted,plastic-visual,17.2324659659,S2:MSM41_litter-T39,accepted,plastic-visual,17.2325,both,True
MPL-0368,S2:MSM41_litter-T39,category,,17.2324659659,S2:MSM41_litter-T39,category,,17.2325,both,True
MPL-0369,S2:MSM41_litter-T41,item_observation,,,S2:MSM41_litter-T41,item_observation,,,both,True
MPL-0370,S2:MSM41_litter-T41,item_observation,,,S2:MSM41_litter-T41,item_observation,,,both,True
MPL-0371,S2:MSM41_litter-T41,accepted,plastic-visual,75.7403620389,S2:MSM41_litter-T41,accepted,plastic-visual,75.7404,both,True
MPL-0372,S2:MSM41_litter-T41,category,,75.7403620389,S2:MSM41_litter-T41,category,,75.7404,both,True
MPL-0373,S2:MSM41_litter-T41,item_observation,,,S2:MSM41_litter-T41,item_observation,,,both,True
MPL-0374,S2:MSM41_litter-T42,item_observation,,,S2:MSM41_litter-T42,item_observation,,,both,True
MPL-0375,S2:MSM41_litter-T42,accepted,plastic-visual,22.7928886188,S2:MSM41_litter-T42,accepted,plastic-visual,22.7929,both,True
MPL-0376,S2:MSM41_litter-T42,category,,22.7928886188,S2:MSM41_litter-T42,category,,22.7929,both,True
MPL-0377,S2:MSM41_litter-T43,item_observation,,,S2:MSM41_litter-T43,item_observation,,,both,True
MPL-0378,S2:MSM41_litter-T43,accepted,plastic-visual,18.909847303,S2:MSM41_litter-T43,accepted,plastic-visual,18.9098,both,True
MPL-0379,S2:MSM41_litter-T43,category,,18.909847303,S2:MSM41_litter-T43,category,,18.9098,both,True
MPL-0380,S2:MSM41_litter-T43,item_observation,,,S2:MSM41_litter-T43,item_observation,,,both,True
MPL-0381,S2:MSM41_litter-T44,item_observation,,,S2:MSM41_litter-T44,item_observation,,,both,True
MPL-0382,S2:MSM41_litter-T44,accepted,plastic-visual,27.7623542476,S2:MSM41_litter-T44,accepted,plastic-visual,27.7624,both,True
MPL-0383,S2:MSM41_litter-T44,category,,27.7623542476,S2:MSM41_litter-T44,category,,27.7624,both,True
MPL-0384,S2:MSM41_litter-T45,item_observation,,,S2:MSM41_litter-T45,item_observation,,,both,True
MPL-0385,S2:MSM41_litter-T45,accepted,plastic-visual,13.4607618791,S2:MSM41_litter-T45,accepted,plastic-visual,13.4608,both,True
MPL-0386,S2:MSM41_litter-T45,category,,13.4607618791,S2:MSM41_litter-T45,category,,13.4608,both,True
MPL-0387,S2:MSM41_litter-T46,item_observation,,,S2:MSM41_litter-T46,item_observation,,,both,True
MPL-0388,S2:MSM41_litter-T46,item_observation,,,S2:MSM41_litter-T46,item_observation,,,both,True
MPL-0389,S2:MSM41_litter-T46,accepted,plastic-visual,93.0933593404,S2:MSM41_litter-T46,accepted,plastic-visual,93.0934,both,True
MPL-0390,S2:MSM41_litter-T46,category,,93.0933593404,S2:MSM41_litter-T46,category,,93.0934,both,True
MPL-0391,S2:MSM41_litter-T46,item_observation,,,S2:MSM41_litter-T46,item_observation,,,both,True
MPL-0392,S2:MSM41_litter-T46,item_observation,,,S2:MSM41_litter-T46,item_observation,,,both,True
MPL-0393,S2:MSM41_litter-T46,item_observation,,,S2:MSM41_litter-T46,item_observation,,,both,True
MPL-0394,S2:MSM41_litter-T46,item_observation,,,S2:MSM41_litter-T46,item_observation,,,both,True
MPL-0395,S2:MSM41_litter-T46,item_observation,,,S2:MSM41_litter-T46,item_observation,,,both,True
MPL-0396,S2:MSM41_litter-T47,item_observation,,,S2:MSM41_litter-T47,item_observation,,,both,True
MPL-0397,S2:MSM41_litter-T47,accepted,plastic-visual,27.4977085243,S2:MSM41_litter-T47,accepted,plastic-visual,27.4977,both,True
MPL-0398,S2:MSM41_litter-T47,category,,27.4977085243,S2:MSM41_litter-T47,category,,27.4977,both,True
MPL-0399,S2:MSM41_litter-T48,item_observation,,,S2:MSM41_litter-T48,item_observation,,,both,True
MPL-0400,S2:MSM41_litter-T48,item_observation,,,S2:MSM41_litter-T48,item_observation,,,both,True
MPL-0401,S2:MSM41_litter-T48,accepted,plastic-visual,124.084140865,S2:MSM41_litter-T48,accepted,plastic-visual,124.084,both,True
MPL-0402,S2:MSM41_litter-T48,category,,118.175372252,S2:MSM41_litter-T48,category,,118.175,both,True
MPL-0403,S2:MSM41_litter-T48,category,,5.90876861262,S2:MSM41_litter-T48,category,,5.90877,both,True
MPL-0404,S2:MSM41_litter-T48,item_observation,,,S2:MSM41_litter-T48,item_observation,,,both,True
MPL-0405,S2:MSM41_litter-T48,item_observation,,,S2:MSM41_litter-T48,item_observation,,,both,True
MPL-0406,S2:MSM41_litter-T49,item_observation,,,S2:MSM41_litter-T49,item_observation,,,both,True
MPL-0407,S2:MSM41_litter-T49,item_observation,,,S2:MSM41_litter-T49,item_observation,,,both,True
MPL-0408,S2:MSM41_litter-T49,item_observation,,,S2:MSM41_litter-T49,item_observation,,,both,True
MPL-0409,S2:MSM41_litter-T49,accepted,plastic-visual,69.5652173913,S2:MSM41_litter-T49,accepted,plastic-visual,69.5652,both,True
MPL-0410,S2:MSM41_litter-T49,category,,69.5652173913,S2:MSM41_litter-T49,category,,69.5652,both,True
MPL-0411,S2:MSM41_litter-T49,item_observation,,,S2:MSM41_litter-T49,item_observation,,,both,True
MPL-0412,S2:MSM41_litter-T49,item_observation,,,S2:MSM41_litter-T49,item_observation,,,both,True
MPL-0413,S2:MSM41_litter-T50,item_observation,,,S2:MSM41_litter-T50,item_observation,,,both,True
MPL-0414,S2:MSM41_litter-T50,item_observation,,,S2:MSM41_litter-T50,item_observation,,,both,True
MPL-0415,S2:MSM41_litter-T50,item_observation,,,S2:MSM41_litter-T50,item_observation,,,both,True
MPL-0416,S2:MSM41_litter-T50,item_observation,,,S2:MSM41_litter-T50,item_observation,,,both,True
MPL-0417,S2:MSM41_litter-T50,accepted,plastic-visual,81.7761785992,S2:MSM41_litter-T50,accepted,plastic-visual,81.7762,both,True
MPL-0418,S2:MSM41_litter-T50,category,,81.7761785992,S2:MSM41_litter-T50,category,,81.7762,both,True
MPL-0419,S2:MSM41_litter-T50,item_observation,,,S2:MSM41_litter-T50,item_observation,,,both,True
MPL-0420,S2:MSM41_litter-T50,item_observation,,,S2:MSM41_litter-T50,item_observation,,,both,True
MPL-0421,S2:MSM41_litter-T51,accepted,plastic-visual,12.908777969,S2:MSM41_litter-T51,accepted,plastic-visual,12.9088,both,True
MPL-0422,S2:MSM41_litter-T51,category,,12.908777969,S2:MSM41_litter-T51,category,,12.9088,both,True
MPL-0423,S2:MSM41_litter-T51,item_observation,,,S2:MSM41_litter-T51,item_observation,,,both,True
MPL-0424,S2:MSM41_litter-T52,item_observation,,,S2:MSM41_litter-T52,item_observation,,,both,True
MPL-0425,S2:MSM41_litter-T52,accepted,plastic-visual,30.7881773399,S2:MSM41_litter-T52,accepted,plastic-visual,30.7882,both,True
MPL-0426,S2:MSM41_litter-T52,category,,30.7881773399,S2:MSM41_litter-T52,category,,30.7882,both,True
MPL-0427,S2:MSM41_litter-T52,item_observation,,,S2:MSM41_litter-T52,item_observation,,,both,True
MPL-0428,S2:MSM41_litter-T53,item_observation,,,S2:MSM41_litter-T53,item_observation,,,both,True
MPL-0429,S2:MSM41_litter-T53,item_observation,,,S2:MSM41_litter-T53,item_observation,,,both,True
MPL-0430,S2:MSM41_litter-T53,accepted,plastic-visual,128.172263522,S2:MSM41_litter-T53,accepted,plastic-visual,128.172,both,True
MPL-0431,S2:MSM41_litter-T53,category,,123.899854738,S2:MSM41_litter-T53,category,,123.9,both,True
MPL-0432,S2:MSM41_litter-T53,category,,4.27240878407,S2:MSM41_litter-T53,category,,4.27241,both,True
MPL-0433,S2:MSM41_litter-T53,item_observation,,,S2:MSM41_litter-T53,item_observation,,,both,True
MPL-0434,S2:MSM41_litter-T53,item_observation,,,S2:MSM41_litter-T53,item_observation,,,both,True
MPL-0435,S2:MSM41_litter-T53,item_observation,,,S2:MSM41_litter-T53,item_observation,,,both,True
MPL-0436,S2:MSM41_litter-T53,item_observation,,,S2:MSM41_litter-T53,item_observation,,,both,True
MPL-0437,S2:MSM41_litter-T53,item_observation,,,S2:MSM41_litter-T53,item_observation,,,both,True
MPL-0438,S2:MSM41_litter-T53,item_observation,,,S2:MSM41_litter-T53,item_observation,,,both,True
MPL-0439,S2:MSM41_litter-T53,item_observation,,,S2:MSM41_litter-T53,item_observation,,,both,True
MPL-0440,S2:MSM41_litter-T54,item_observation,,,S2:MSM41_litter-T54,item_observation,,,both,True
MPL-0441,S2:MSM41_litter-T54,item_observation,,,S2:MSM41_litter-T54,item_observation,,,both,True
MPL-0442,S2:MSM41_litter-T54,item_observation,,,S2:MSM41_litter-T54,item_observation,,,both,True
MPL-0443,S2:MSM41_litter-T54,accepted,plastic-visual,98.6625739969,S2:MSM41_litter-T54,accepted,plastic-visual,98.6626,both,True
MPL-0444,S2:MSM41_litter-T54,category,,98.6625739969,S2:MSM41_litter-T54,category,,98.6626,both,True
MPL-0445,S2:MSM41_litter-T54,item_observation,,,S2:MSM41_litter-T54,item_observation,,,both,True
MPL-0446,S2:MSM41_litter-T54,item_observation,,,S2:MSM41_litter-T54,item_observation,,,both,True
MPL-0447,S2:MSM41_litter-T54,item_observation,,,S2:MSM41_litter-T54,item_observation,,,both,True
MPL-0448,S2:MSM41_litter-T55,item_observation,,,S2:MSM41_litter-T55,item_observation,,,both,True
MPL-0449,S2:MSM41_litter-T55,item_observation,,,S2:MSM41_litter-T55,item_observation,,,both,True
MPL-0450,S2:MSM41_litter-T55,item_observation,,,S2:MSM41_litter-T55,item_observation,,,both,True
MPL-0451,S2:MSM41_litter-T55,item_observation,,,S2:MSM41_litter-T55,item_observation,,,both,True
MPL-0452,S2:MSM41_litter-T55,item_observation,,,S2:MSM41_litter-T55,item_observation,,,both,True
MPL-0453,S2:MSM41_litter-T55,item_observation,,,S2:MSM41_litter-T55,item_observation,,,both,True
MPL-0454,S2:MSM41_litter-T55,item_observation,,,S2:MSM41_litter-T55,item_observation,,,both,True
MPL-0455,S2:MSM41_litter-T55,accepted,plastic-visual,162.327902363,S2:MSM41_litter-T55,accepted,plastic-visual,162.328,both,True
MPL-0456,S2:MSM41_litter-T55,category,,162.327902363,S2:MSM41_litter-T55,category,,162.328,both,True
MPL-0457,S2:MSM41_litter-T55,item_observation,,,S2:MSM41_litter-T55,item_observation,,,both,True
MPL-0458,S2:MSM41_litter-T56,item_observation,,,S2:MSM41_litter-T56,item_observation,,,both,True
MPL-0459,S2:MSM41_litter-T56,item_observation,,,S2:MSM41_litter-T56,item_observation,,,both,True
MPL-0460,S2:MSM41_litter-T56,accepted,plastic-visual,124.185035703,S2:MSM41_litter-T56,accepted,plastic-visual,124.185,both,True
MPL-0461,S2:MSM41_litter-T56,category,,124.185035703,S2:MSM41_litter-T56,category,,124.185,both,True
MPL-0462,S2:MSM41_litter-T56,item_observation,,,S2:MSM41_litter-T56,item_observation,,,both,True
MPL-0463,S2:MSM41_litter-T56,item_observation,,,S2:MSM41_litter-T56,item_observation,,,both,True
MPL-0464,S2:MSM41_litter-T58,item_observation,,,S2:MSM41_litter-T58,item_observation,,,both,True
MPL-0465,S2:MSM41_litter-T58,item_observation,,,S2:MSM41_litter-T58,item_observation,,,both,True
MPL-0466,S2:MSM41_litter-T58,item_observation,,,S2:MSM41_litter-T58,item_observation,,,both,True
MPL-0467,S2:MSM41_litter-T58,item_observation,,,S2:MSM41_litter-T58,item_observation,,,both,True
MPL-0468,S2:MSM41_litter-T58,item_observation,,,S2:MSM41_litter-T58,item_observation,,,both,True
MPL-0469,S2:MSM41_litter-T58,item_observation,,,S2:MSM41_litter-T58,item_observation,,,both,True
MPL-0470,S2:MSM41_litter-T58,item_observation,,,S2:MSM41_litter-T58,item_observation,,,both,True
MPL-0471,S2:MSM41_litter-T58,item_observation,,,S2:MSM41_litter-T58,item_observation,,,both,True
MPL-0472,S2:MSM41_litter-T58,accepted,plastic-visual,222.699113253,S2:MSM41_litter-T58,accepted,plastic-visual,222.699,both,True
MPL-0473,S2:MSM41_litter-T58,category,,222.699113253,S2:MSM41_litter-T58,category,,222.699,both,True
MPL-0474,S2:MSM41_litter-T58,item_observation,,,S2:MSM41_litter-T58,item_observation,,,both,True
MPL-0475,S2:MSM41_litter-T58,item_observation,,,S2:MSM41_litter-T58,item_observation,,,both,True
MPL-0476,S2:MSM41_litter-T58,item_observation,,,S2:MSM41_litter-T58,item_observation,,,both,True
MPL-0477,S2:MSM41_litter-T58,item_observation,,,S2:MSM41_litter-T58,item_observation,,,both,True
MPL-0478,S2:MSM41_litter-T58,item_observation,,,S2:MSM41_litter-T58,item_observation,,,both,True
MPL-0479,S2:MSM41_litter-T57,item_observation,,,S2:MSM41_litter-T57,item_observation,,,both,True
MPL-0480,S2:MSM41_litter-T57,item_observation,,,S2:MSM41_litter-T57,item_observation,,,both,True
MPL-0481,S2:MSM41_litter-T57,item_observation,,,S2:MSM41_litter-T57,item_observation,,,both,True
MPL-0482,S2:MSM41_litter-T57,item_observation,,,S2:MSM41_litter-T57,item_observation,,,both,True
MPL-0483,S2:MSM41_litter-T57,item_observation,,,S2:MSM41_litter-T57,item_observation,,,both,True
MPL-0484,S2:MSM41_litter-T57,accepted,plastic-visual,135.53474618,S2:MSM41_litter-T57,accepted,plastic-visual,135.535,both,True
MPL-0485,S2:MSM41_litter-T57,category,,135.53474618,S2:MSM41_litter-T57,category,,135.535,both,True
MPL-0486,S2:MSM41_litter-T57,item_observation,,,S2:MSM41_litter-T57,item_observation,,,both,True
MPL-0487,S2:MSM41_litter-T57,item_observation,,,S2:MSM41_litter-T57,item_observation,,,both,True
MPL-0488,S2:MSM41_litter-T57,item_observation,,,S2:MSM41_litter-T57,item_observation,,,both,True
MPL-0489,S2:MSM41_litter-T60,item_observation,,,S2:MSM41_litter-T60,item_observation,,,both,True
MPL-0490,S2:MSM41_litter-T60,item_observation,,,S2:MSM41_litter-T60,item_observation,,,both,True
MPL-0491,S2:MSM41_litter-T60,item_observation,,,S2:MSM41_litter-T60,item_observation,,,both,True
MPL-0492,S2:MSM41_litter-T60,item_observation,,,S2:MSM41_litter-T60,item_observation,,,both,True
MPL-0493,S2:MSM41_litter-T60,item_observation,,,S2:MSM41_litter-T60,item_observation,,,both,True
MPL-0494,S2:MSM41_litter-T60,accepted,plastic-visual,100.696484014,S2:MSM41_litter-T60,accepted,plastic-visual,100.696,both,True
MPL-0495,S2:MSM41_litter-T60,category,,100.696484014,S2:MSM41_litter-T60,category,,100.696,both,True
MPL-0496,S2:MSM41_litter-T60,item_observation,,,S2:MSM41_litter-T60,item_observation,,,both,True
MPL-0497,S2:MSM41_litter-T60,item_observation,,,S2:MSM41_litter-T60,item_observation,,,both,True
MPL-0498,S2:MSM41_litter-T59,item_observation,,,S2:MSM41_litter-T59,item_observation,,,both,True
MPL-0499,S2:MSM41_litter-T59,accepted,plastic-visual,81.6060062021,S2:MSM41_litter-T59,accepted,plastic-visual,81.606,both,True
MPL-0500,S2:MSM41_litter-T59,category,,81.6060062021,S2:MSM41_litter-T59,category,,81.606,both,True
MPL-0501,S2:MSM41_litter-T59,item_observation,,,S2:MSM41_litter-T59,item_observation,,,both,True
MPL-0502,S2:MSM41_litter-T59,item_observation,,,S2:MSM41_litter-T59,item_observation,,,both,True
MPL-0503,S2:MSM41_litter-T62,item_observation,,,S2:MSM41_litter-T62,item_observation,,,both,True
MPL-0504,S2:MSM41_litter-T62,accepted,plastic-visual,16.7848600562,S2:MSM41_litter-T62,accepted,plastic-visual,16.7849,both,True
MPL-0505,S2:MSM41_litter-T62,category,,16.7848600562,S2:MSM41_litter-T62,category,,16.7849,both,True
MPL-0506,S2:MSM41_litter-T61,item_observation,,,S2:MSM41_litter-T61,item_observation,,,both,True
MPL-0507,S2:MSM41_litter-T61,accepted,plastic-visual,95.3412784399,S2:MSM41_litter-T61,accepted,plastic-visual,95.3413,both,True
MPL-0508,S2:MSM41_litter-T61,category,,95.3412784399,S2:MSM41_litter-T61,category,,95.3413,both,True
MPL-0509,S2:MSM41_litter-T61,item_observation,,,S2:MSM41_litter-T61,item_observation,,,both,True
MPL-0510,S2:MSM41_litter-T61,item_observation,,,S2:MSM41_litter-T61,item_observation,,,both,True
MPL-0511,S2:MSM41_litter-T61,item_observation,,,S2:MSM41_litter-T61,item_observation,,,both,True
MPL-0512,S2:MSM41_litter-T61,item_observation,,,S2:MSM41_litter-T61,item_observation,,,both,True
MPL-0513,S2:MSM41_litter-T65,accepted,plastic-visual,42.9316160687,S2:MSM41_litter-T65,accepted,plastic-visual,42.9316,both,True
MPL-0514,S2:MSM41_litter-T65,category,,42.9316160687,S2:MSM41_litter-T65,category,,42.9316,both,True
MPL-0515,S2:MSM41_litter-T65,item_observation,,,S2:MSM41_litter-T65,item_observation,,,both,True
MPL-0516,S2:MSM41_litter-T65,item_observation,,,S2:MSM41_litter-T65,item_observation,,,both,True
MPL-0517,S2:MSM41_litter-T64,item_observation,,,S2:MSM41_litter-T64,item_observation,,,both,True
MPL-0518,S2:MSM41_litter-T64,accepted,plastic-visual,61.5877317238,S2:MSM41_litter-T64,accepted,plastic-visual,61.5877,both,True
MPL-0519,S2:MSM41_litter-T64,category,,61.5877317238,S2:MSM41_litter-T64,category,,61.5877,both,True
MPL-0520,S2:MSM41_litter-T64,item_observation,,,S2:MSM41_litter-T64,item_observation,,,both,True
MPL-0521,S2:MSM41_litter-T64,item_observation,,,S2:MSM41_litter-T64,item_observation,,,both,True
MPL-0522,S2:MSM41_litter-T63,item_observation,,,S2:MSM41_litter-T63,item_observation,,,both,True
MPL-0523,S2:MSM41_litter-T63,accepted,plastic-visual,36.0923965351,S2:MSM41_litter-T63,accepted,plastic-visual,36.0924,both,True
MPL-0524,S2:MSM41_litter-T63,category,,36.0923965351,S2:MSM41_litter-T63,category,,36.0924,both,True
MPL-0525,S2:MSM41_litter-T63,item_observation,,,S2:MSM41_litter-T63,item_observation,,,both,True
MPL-0526,S1:0.1,accepted,plastic-trawl,91.014999,S1:0.1,accepted,plastic-trawl,91.015,both,True
MPL-0527,S1:0.1,category,,36.4059997088,S1:0.1,category,,36.406,both,True
MPL-0528,S1:2.3,category,,8.56489916701,S1:2.3,category,,8.5649,both,True
MPL-0529,S1:2.4,category,,40.4500182792,S1:2.4,category,,40.45,both,True
MPL-0530,S1:2.3,accepted,plastic-trawl,61.817996,S1:2.3,accepted,plastic-trawl,61.818,both,True
MPL-0531,S1:1.3,accepted,plastic-trawl,152.892947,S1:1.3,accepted,plastic-trawl,152.893,both,True
MPL-0532,S1:1.3,category,,110.422683507,S1:1.3,category,,110.423,both,True
MPL-0533,S1:1.3,category,,50.9643154649,S1:1.3,category,,50.9643,both,True
MPL-0534,S1:1.4,category,,8.00369165878,S1:1.4,category,,8.00369,both,True
MPL-0535,S1:4.3,accepted,plastic-trawl,255.766117,S1:4.3,accepted,plastic-trawl,255.766,both,True
MPL-0536,S1:4.3,category,,245.109195636,S1:4.3,category,,245.109,both,True
MPL-0537,S1:6.4,category,,249.851706741,S1:6.4,category,,249.852,both,True
MPL-0538,S1:6.4,category,,107.079302889,S1:6.4,category,,107.079,both,True
MPL-0539,S1:4.4,category,,405.00852076,S1:4.4,category,,405.009,both,True
MPL-0540,S1:6.3,category,,276.479729078,S1:6.3,category,,276.48,both,True
MPL-0541,S1:5.4,category,,210.379941,S1:5.4,category,,210.38,both,True
MPL-0542,S1:5.3,category,,227.416340908,S1:5.3,category,,227.416,both,True
MPL-0543,S1:3.3,accepted,plastic-trawl,177.80932,S1:3.3,accepted,plastic-trawl,177.809,both,True
MPL-0544,S1:6.4,accepted,plastic-trawl,348.007734,S1:6.4,accepted,plastic-trawl,348.008,both,True
MPL-0545,S1:6.3,accepted,plastic-trawl,340.282743,S1:6.3,accepted,plastic-trawl,340.283,both,True
MPL-0546,S1:5.3,accepted,plastic-trawl,346.539186,S1:5.3,accepted,plastic-trawl,346.539,both,True
MPL-0547,S1:3.4,category,,60.1605342804,S1:3.4,category,,60.1605,both,True
MPL-0548,S1:3.3,category,,51.6255264646,S1:3.3,category,,51.6255,both,True
MPL-0549,S1:9.3,category,,168.292868436,S1:9.3,category,,168.293,both,True
MPL-0550,S1:9.4,category,,373.926061406,S1:9.4,category,,373.926,both,True
MPL-0551,S1:9.4,accepted,plastic-trawl,415.473402,S1:9.4,accepted,plastic-trawl,415.473,both,True
MPL-0552,S1:10.3,category,,325.875118444,S1:10.3,category,,325.875,both,True
MPL-0553,S1:10.4,category,,350.08897502,S1:10.4,category,,350.089,both,True
MPL-0554,S1:10.4,accepted,plastic-trawl,422.521177,S1:10.4,accepted,plastic-trawl,422.521,both,True
MPL-0555,S1:8.4,accepted,plastic-trawl,257.163107,S1:8.4,accepted,plastic-trawl,257.163,both,True
MPL-0556,S1:8.4,category,,120.009449954,S1:8.4,category,,120.009,both,True
MPL-0557,S1:8.3,category,,186.715251353,S1:8.3,category,,186.715,both,True
MPL-0558,S1:11.4,category,,75.7575757576,S1:11.4,category,,75.7576,both,True
MPL-0559,S1:7.4,accepted,plastic-trawl,346.454898,S1:7.4,accepted,plastic-trawl,346.455,both,True
MPL-0560,S1:7.4,category,,44.4172946462,S1:7.4,category,,44.4173,both,True
MPL-0561,S1:11.3,category,,123.823675087,S1:11.3,category,,123.824,both,True
MPL-0562,S1:7.3,category,,10.8877703966,S1:7.3,category,,10.8878,both,True
MPL-0563,S1:11.4,accepted,plastic-trawl,66.287879,S1:11.4,accepted,plastic-trawl,66.2879,both,True
MPL-0564,S1:12.3,category,,9.61303392529,S1:12.3,category,,9.61303,both,True
MPL-0565,S1:12.4,category,,98.2771890402,S1:12.4,category,,98.2772,both,True
MPL-0566,S1:12.3,accepted,plastic-trawl,86.517306,S1:12.3,accepted,plastic-trawl,86.5173,both,True
MPL-0567,S1:14.3,category,,87.5444372706,S1:14.3,category,,87.5444,both,True
MPL-0568,S1:14.4,category,,224.960370587,S1:14.4,category,,224.96,both,True
MPL-0569,S1:13.3,accepted,plastic-trawl,58.416996,S1:13.3,accepted,plastic-trawl,58.417,both,True
MPL-0570,S1:14.3,accepted,plastic-trawl,225.114268,S1:14.3,accepted,plastic-trawl,225.114,both,True
MPL-0571,S1:13.3,category,,48.6808307181,S1:13.3,category,,48.6808,both,True
MPL-0572,S1:13.4,category,,209.090831982,S1:13.4,category,,209.091,both,True
MPL-0573,S1:17.4,accepted,plastic-trawl,150.661497,S1:17.4,accepted,plastic-trawl,150.661,both,True
MPL-0574,S1:17.3,accepted,plastic-trawl,201.055457,S1:17.3,accepted,plastic-trawl,201.055,both,True
MPL-0575,S1:17.4,category,,20.0881995964,S1:17.4,category,,20.0882,both,True
MPL-0576,S1:17.3,category,,10.0527728031,S1:17.3,category,,10.0528,both,True
MPL-0577,S1:15.3,accepted,plastic-trawl,141.836664,S1:15.3,accepted,plastic-trawl,141.837,both,True
MPL-0578,S1:15.4,category,,84.8384061011,S1:15.4,category,,84.8384,both,True
MPL-0579,S1:15.4,category,,433.618520072,S1:15.4,category,,433.619,both,True
MPL-0580,S1:15.3,category,,21.8210252501,S1:15.3,category,,21.821,both,True
MPL-0581,S1:16.3,accepted,plastic-trawl,315.828009,S1:16.3,accepted,plastic-trawl,315.828,both,True
MPL-0582,S1:16.4,category,,16.38001638,S1:16.4,category,,16.38,both,True
MPL-0583,S1:16.3,category,,185.140556978,S1:16.3,category,,185.141,both,True
MPL-0584,S1:20.3,category,,180.899347925,S1:20.3,category,,180.899,both,True
MPL-0585,S1:20.4,category,,289.273803712,S1:20.4,category,,289.274,both,True
MPL-0586,S1:18.4,category,,1038.91530199,S1:18.4,category,,1038.92,both,True
MPL-0587,S1:18.4,category,,8.80436696602,S1:18.4,category,,8.80437,both,True
MPL-0588,S1:20.4,accepted,plastic-trawl,659.544272,S1:20.4,accepted,plastic-trawl,659.544,both,True
MPL-0589,S1:18.3,category,,149.790293589,S1:18.3,category,,149.79,both,True
MPL-0590,S1:19.4,accepted,plastic-trawl,2109.259348,S1:19.4,accepted,plastic-trawl,2109.26,both,True
MPL-0591,S1:19.4,category,,661.483700543,S1:19.4,category,,661.484,both,True
MPL-0592,S1:19.3,category,,435.788286081,S1:19.3,category,,435.788,both,True
MPL-0593,S1:18.4,accepted,plastic-trawl,1162.176439,S1:18.4,accepted,plastic-trawl,1162.18,both,True
MPL-0594,S1:24.4,category,,158.048926935,S1:24.4,category,,158.049,both,True
MPL-0595,S1:24.3,category,,186.691317383,S1:24.3,category,,186.691,both,True
MPL-0596,S1:24.4,accepted,plastic-trawl,495.219971,S1:24.4,accepted,plastic-trawl,495.22,both,True
MPL-0597,S1:21.4,accepted,plastic-trawl,844.062324,S1:21.4,accepted,plastic-trawl,844.062,both,True
MPL-0598,S1:21.4,category,,427.241423392,S1:21.4,category,,427.241,both,True
MPL-0599,S1:22.4,accepted,plastic-trawl,724.645668,S1:22.4,accepted,plastic-trawl,724.646,both,True
MPL-0600,S1:22.3,category,,419.034257149,S1:22.3,category,,419.034,both,True
MPL-0601,S1:22.4,category,,434.787400475,S1:22.4,category,,434.787,both,True
MPL-0602,S1:21.3,category,,359.361384471,S1:21.3,category,,359.361,both,True
MPL-0603,S1:27.3,accepted,plastic-trawl,423.877587,S1:27.3,accepted,plastic-trawl,423.878,both,True
MPL-0604,S1:28.4,category,,145.37779521,S1:28.4,category,,145.378,both,True
MPL-0605,S1:28.3,category,,237.763624594,S1:28.3,category,,237.764,both,True
MPL-0606,S1:26.3,accepted,plastic-trawl,529.96366,S1:26.3,accepted,plastic-trawl,529.964,both,True
MPL-0607,S1:25.3,accepted,plastic-trawl,1719.436293,S1:25.3,accepted,plastic-trawl,1719.44,both,True
MPL-0608,S1:26.4,category,,559.331551301,S1:26.4,category,,559.332,both,True
MPL-0609,S1:26.3,category,,367.729886717,S1:26.3,category,,367.73,both,True
MPL-0610,S1:28.3,accepted,plastic-trawl,505.188842,S1:28.3,accepted,plastic-trawl,505.189,both,True
MPL-0611,S1:27.3,category,,121.107881928,S1:27.3,category,,121.108,both,True
MPL-0612,S1:25.4,category,,1745.14809941,S1:25.4,category,,1745.15,both,True
MPL-0613,S1:27.4,category,,64.0944258459,S1:27.4,category,,64.0944,both,True
MPL-0614,S1:27.4,category,,9.15634654941,S1:27.4,category,,9.15635,both,True
MPL-0615,S1:25.3,category,,847.941185955,S1:25.3,category,,847.941,both,True
MPL-0616,S1:25.3,category,,1012.81863878,S1:25.3,category,,1012.82,both,True
MPL-0617,S1:29.4,category,,247.329929939,S1:29.4,category,,247.33,both,True
MPL-0618,S1:31.4,accepted,plastic-trawl,246.22585,S1:31.4,accepted,plastic-trawl,246.226,both,True
MPL-0619,S1:31.4,category,,225.707029121,S1:31.4,category,,225.707,both,True
MPL-0620,S1:29.3,category,,278.841176152,S1:29.3,category,,278.841,both,True
MPL-0621,S1:30.4,accepted,plastic-trawl,720.647461,S1:30.4,accepted,plastic-trawl,720.647,both,True
MPL-0622,S1:29.3,accepted,plastic-trawl,646.404545,S1:29.3,accepted,plastic-trawl,646.405,both,True
MPL-0623,S1:30.3,accepted,plastic-trawl,490.394472,S1:30.3,accepted,plastic-trawl,490.394,both,True
MPL-0624,S1:30.4,category,,148.368594758,S1:30.4,category,,148.369,both,True
MPL-0625,S1:30.3,category,,338.60570709,S1:30.3,category,,338.606,both,True
MPL-0626,S1:30.3,category,,186.816941843,S1:30.3,category,,186.817,both,True
MPL-0627,S1:32.4,accepted,plastic-trawl,949.556256,S1:32.4,accepted,plastic-trawl,949.556,both,True
MPL-0628,S1:32.3,category,,604.355869511,S1:32.3,category,,604.356,both,True
MPL-0629,S1:32.4,category,,676.811373889,S1:32.4,category,,676.811,both,True
MPL-0630,S1:33.4,category,,181.047646899,S1:33.4,category,,181.048,both,True
MPL-0631,S1:34.4,accepted,plastic-trawl,373.240546,S1:34.4,accepted,plastic-trawl,373.241,both,True
MPL-0632,S1:34.3,category,,85.8507352704,S1:34.3,category,,85.8507,both,True
MPL-0633,S1:34.4,category,,277.53784255,S1:34.4,category,,277.538,both,True
MPL-0634,S1:33.4,accepted,plastic-trawl,633.666764,S1:33.4,accepted,plastic-trawl,633.667,both,True
MPL-0635,S1:33.3,category,,159.384293865,S1:33.3,category,,159.384,both,True
MPL-0636,S1:33.3,category,,56.9229620946,S1:33.3,category,,56.923,both,True
MPL-0637,S1:35.4,accepted,plastic-trawl,828.098322,S1:35.4,accepted,plastic-trawl,828.098,both,True
MPL-0638,S1:35.3,category,,412.845281887,S1:35.3,category,,412.845,both,True
MPL-0639,S1:35.4,category,,429.014793335,S1:35.4,category,,429.015,both,True
MPL-0640,S1:39.3,accepted,plastic-trawl,721.013939,S1:39.3,accepted,plastic-trawl,721.014,both,True
MPL-0641,S1:39.3,category,,136.744022927,S1:39.3,category,,136.744,both,True
MPL-0642,S1:38.3,accepted,plastic-trawl,846.359613,S1:38.3,accepted,plastic-trawl,846.36,both,True
MPL-0643,S1:39.4,category,,53.5582396306,S1:39.4,category,,53.5582,both,True
MPL-0644,S1:36.4,category,,194.953742703,S1:36.4,category,,194.954,both,True
MPL-0645,S1:36.3,category,,112.371891763,S1:36.3,category,,112.372,both,True
MPL-0646,S1:38.3,category,,764.074650375,S1:38.3,category,,764.075,both,True
MPL-0647,S1:36.3,accepted,plastic-trawl,347.331302,S1:36.3,accepted,plastic-trawl,347.331,both,True
MPL-0648,S1:37.3,accepted,plastic-trawl,1104.538559,S1:37.3,accepted,plastic-trawl,1104.54,both,True
MPL-0649,S1:37.4,category,,147.937149755,S1:37.4,category,,147.937,both,True
MPL-0650,S1:37.3,category,,890.393328102,S1:37.3,category,,890.393,both,True
MPL-0651,S1:37.3,category,,22.5416032431,S1:37.3,category,,22.5416,both,True
MPL-0652,S1:38.4,category,,303.183992148,S1:38.4,category,,303.184,both,True
MPL-0653,S1:38.4,category,,50.530665358,S1:38.4,category,,50.5307,both,True
MPL-0654,S1:41.3,accepted,plastic-trawl,2209.120417,S1:41.3,accepted,plastic-trawl,2209.12,both,True
MPL-0655,S1:41.3,category,,324.87064963,S1:41.3,category,,324.871,both,True
MPL-0656,S1:42.3,accepted,plastic-trawl,1706.702091,S1:42.3,accepted,plastic-trawl,1706.7,both,True
MPL-0657,S1:41.4,category,,806.858295512,S1:41.4,category,,806.858,both,True
MPL-0658,S1:42.4,accepted,plastic-trawl,1197.871844,S1:42.4,accepted,plastic-trawl,1197.87,both,True
MPL-0659,S1:42.3,category,,738.360478441,S1:42.3,category,,738.36,both,True
MPL-0660,S1:43.4,accepted,plastic-trawl,351.925224,S1:43.4,accepted,plastic-trawl,351.925,both,True
MPL-0661,S1:42.4,category,,598.93592239,S1:42.4,category,,598.936,both,True
MPL-0662,S1:43.3,category,,518.755269294,S1:43.3,category,,518.755,both,True
MPL-0663,S1:43.4,category,,266.321790922,S1:43.4,category,,266.322,both,True
MPL-0664,S1:45.3,category,,1258.41068422,S1:45.3,category,,1258.41,both,True
MPL-0665,S1:45.3,category,,498.380468996,S1:45.3,category,,498.38,both,True
MPL-0666,S1:45.4,accepted,plastic-trawl,1035.855936,S1:45.4,accepted,plastic-trawl,1035.86,both,True
MPL-0667,S1:45.4,category,,368.30433279,S1:45.4,category,,368.304,both,True
MPL-0668,S1:44.4,accepted,plastic-trawl,729.389849,S1:44.4,accepted,plastic-trawl,729.39,both,True
MPL-0669,S1:47.4,accepted,plastic-trawl,1077.945907,S1:47.4,accepted,plastic-trawl,1077.95,both,True
MPL-0670,S1:47.3,category,,709.296592603,S1:47.3,category,,709.297,both,True
MPL-0671,S1:46.4,accepted,plastic-trawl,747.327276,S1:46.4,accepted,plastic-trawl,747.327,both,True
MPL-0672,S1:44.3,category,,1045.11696847,S1:44.3,category,,1045.12,both,True
MPL-0673,S1:46.3,category,,1425.1197968,S1:46.3,category,,1425.12,both,True
MPL-0674,S1:44.4,category,,581.039370663,S1:44.4,category,,581.039,both,True
MPL-0675,S1:47.4,category,,491.878229721,S1:47.4,category,,491.878,both,True
MPL-0676,S1:46.4,category,,221.040461924,S1:46.4,category,,221.04,both,True
MPL-0677,S1:48.4,accepted,plastic-trawl,1380.789998,S1:48.4,accepted,plastic-trawl,1380.79,both,True
MPL-0678,S1:48.3,category,,751.438946628,S1:48.3,category,,751.439,both,True
MPL-0679,S1:48.4,category,,1285.92656247,S1:48.4,category,,1285.93,both,True
MPL-0680,S1:51.3,accepted,plastic-trawl,680.966974,S1:51.3,accepted,plastic-trawl,680.967,both,True
MPL-0681,S1:49.3,category,,1324.75398297,S1:49.3,category,,1324.75,both,True
MPL-0682,S1:49.3,category,,24.761756691,S1:49.3,category,,24.7618,both,True
MPL-0683,S1:51.3,category,,374.531835206,S1:51.3,category,,374.532,both,True
MPL-0684,S1:49.3,accepted,plastic-trawl,1819.989117,S1:49.3,accepted,plastic-trawl,1819.99,both,True
MPL-0685,S1:49.4,category,,22.6711860936,S1:49.4,category,,22.6712,both,True
MPL-0686,S1:51.4,category,,450.45045045,S1:51.4,category,,450.45,both,True
MPL-0687,S1:50.3,accepted,plastic-trawl,280.885892,S1:50.3,accepted,plastic-trawl,280.886,both,True
MPL-0688,S1:50.3,category,,58.5178942344,S1:50.3,category,,58.5179,both,True
MPL-0689,S1:50.4,category,,343.476528276,S1:50.4,category,,343.477,both,True
MPL-0690,S1:50.4,category,,93.6754168027,S1:50.4,category,,93.6754,both,True
MPL-0691,S1:52.3,accepted,plastic-trawl,559.439481,S1:52.3,accepted,plastic-trawl,559.439,both,True
MPL-0692,S1:53.4,category,,74.3099787686,S1:53.4,category,,74.31,both,True
MPL-0693,S1:52.3,category,,319.679703372,S1:52.3,category,,319.68,both,True
MPL-0694,S1:53.3,accepted,plastic-trawl,349.268718,S1:53.3,accepted,plastic-trawl,349.269,both,True
MPL-0695,S1:52.4,category,,311.82279041,S1:52.4,category,,311.823,both,True
MPL-0696,S1:53.3,category,,120.061122026,S1:53.3,category,,120.061,both,True
MPL-0697,S1:53.3,category,,10.9146474569,S1:53.3,category,,10.9146,both,True
MPL-0698,S1:54.4,category,,320.927335893,S1:54.4,category,,320.927,both,True
MPL-0699,S1:54.4,accepted,plastic-trawl,741.629573,S1:54.4,accepted,plastic-trawl,741.63,both,True
MPL-0700,S1:54.3,category,,347.159381754,S1:54.3,category,,347.159,both,True
MPL-0701,S1:54.3,accepted,plastic-trawl,439.780685,S1:54.3,accepted,plastic-trawl,439.781,both,True
MPL-0702,S1:58.4,category,,830.047523747,S1:58.4,category,,830.048,both,True
MPL-0703,S1:58.4,category,,1323.87326572,S1:58.4,category,,1323.87,both,True
MPL-0704,S1:58.3,category,,637.297768029,S1:58.3,category,,637.298,both,True
MPL-0705,S1:57.4,accepted,plastic-trawl,1292.557215,S1:57.4,accepted,plastic-trawl,1292.56,both,True
MPL-0706,S1:57.4,category,,1021.73570338,S1:57.4,category,,1021.74,both,True
MPL-0707,S1:56.3,category,,466.984042602,S1:56.3,category,,466.984,both,True
MPL-0708,S1:55.3,category,,301.920605002,S1:55.3,category,,301.921,both,True
MPL-0709,S1:57.3,category,,790.640782186,S1:57.3,category,,790.641,both,True
MPL-0710,S1:58.4,accepted,plastic-trawl,1849.2198,S1:58.4,accepted,plastic-trawl,1849.22,both,True
MPL-0711,S1:56.4,accepted,plastic-trawl,961.750609,S1:56.4,accepted,plastic-trawl,961.751,both,True
MPL-0712,S1:55.4,category,,526.391345122,S1:55.4,category,,526.391,both,True
MPL-0713,S1:55.4,category,,513.552531826,S1:55.4,category,,513.553,both,True
MPL-0714,S1:56.4,category,,695.241404931,S1:56.4,category,,695.241,both,True
MPL-0715,S1:55.4,accepted,plastic-trawl,937.233371,S1:55.4,accepted,plastic-trawl,937.233,both,True
MPL-0716,S1:61.3,accepted,plastic-trawl,969.284957,S1:61.3,accepted,plastic-trawl,969.285,both,True
MPL-0717,S1:62.4,category,,447.85555377,S1:62.4,category,,447.856,both,True
MPL-0718,S1:61.4,category,,250.962024956,S1:61.4,category,,250.962,both,True
MPL-0719,S1:60.3,category,,955.551273518,S1:60.3,category,,955.551,both,True
MPL-0720,S1:60.4,category,,619.285987046,S1:60.4,category,,619.286,both,True
MPL-0721,S1:60.4,accepted,plastic-trawl,1390.855413,S1:60.4,accepted,plastic-trawl,1390.86,both,True
MPL-0722,S1:62.3,category,,543.620225996,S1:62.3,category,,543.62,both,True
MPL-0723,S1:61.3,category,,185.89026585,S1:61.3,category,,185.89,both,True
MPL-0724,S1:62.3,accepted,plastic-trawl,883.382867,S1:62.3,accepted,plastic-trawl,883.383,both,True
MPL-0725,S1:66.4,accepted,plastic-trawl,940.427881,S1:66.4,accepted,plastic-trawl,940.428,both,True
MPL-0726,S1:65.3,accepted,plastic-trawl,254.925782,S1:65.3,accepted,plastic-trawl,254.926,both,True
MPL-0727,S1:66.3,accepted,plastic-trawl,942.476591,S1:66.3,accepted,plastic-trawl,942.477,both,True
MPL-0728,S1:63.4,category,,677.478314032,S1:63.4,category,,677.478,both,True
MPL-0729,S1:66.4,category,,292.295152417,S1:66.4,category,,292.295,both,True
MPL-0730,S1:64.4,category,,602.837865336,S1:64.4,category,,602.838,both,True
MPL-0731,S1:65.4,category,,514.109509655,S1:65.4,category,,514.11,both,True
MPL-0732,S1:66.3,category,,511.63014868,S1:66.3,category,,511.63,both,True
MPL-0733,S1:65.3,category,,280.418360141,S1:65.3,category,,280.418,both,True
MPL-0734,S1:65.3,category,,12.7462890973,S1:65.3,category,,12.7463,both,True
MPL-0735,S1:64.3,category,,320.57072016,S1:64.3,category,,320.571,both,True
MPL-0736,S1:64.3,accepted,plastic-trawl,926.093191,S1:64.3,accepted,plastic-trawl,926.093,both,True
MPL-0737,S1:63.3,category,,276.354342781,S1:63.3,category,,276.354,both,True
MPL-0738,S1:63.3,accepted,plastic-trawl,473.750303,S1:63.3,accepted,plastic-trawl,473.75,both,True
MPL-0739,S1:69.4,accepted,plastic-trawl,1171.220722,S1:69.4,accepted,plastic-trawl,1171.22,both,True
MPL-0740,S1:68.3,category,,96.8299183124,S1:68.3,category,,96.8299,both,True
MPL-0741,S1:68.4,category,,160.224081971,S1:68.4,category,,160.224,both,True
MPL-0742,S1:68.4,accepted,plastic-trawl,470.658241,S1:68.4,accepted,plastic-trawl,470.658,both,True
MPL-0743,S1:69.4,category,,360.375606678,S1:69.4,category,,360.376,both,True
MPL-0744,S1:70.4,category,,218.181818182,S1:70.4,category,,218.182,both,True
MPL-0745,S1:69.3,category,,123.129288,S1:69.3,category,,123.129,both,True
MPL-0746,S1:70.3,category,,217.509516041,S1:70.3,category,,217.51,both,True
MPL-0747,S1:70.4,accepted,plastic-trawl,727.272727,S1:70.4,accepted,plastic-trawl,727.273,both,True
MPL-0748,S1:67.4,category,,1121.30236649,S1:67.4,category,,1121.3,both,True
MPL-0749,S1:67.4,category,,332.237738219,S1:67.4,category,,332.238,both,True
MPL-0750,S1:67.3,category,,229.495838797,S1:67.3,category,,229.496,both,True
MPL-0751,S1:67.4,accepted,plastic-trawl,1425.853627,S1:67.4,accepted,plastic-trawl,1425.85,both,True
MPL-0752,S1:71.4,category,,240.122435031,S1:71.4,category,,240.122,both,True
MPL-0753,S1:71.4,accepted,plastic-trawl,290.674527,S1:71.4,accepted,plastic-trawl,290.675,both,True
MPL-0754,S1:71.3,category,,171.067475703,S1:71.3,category,,171.067,both,True
MPL-0755,S1:72.4,accepted,plastic-trawl,71.74788,S1:72.4,accepted,plastic-trawl,71.7479,both,True
MPL-0756,S1:73.3,accepted,plastic-trawl,1417.506452,S1:73.3,accepted,plastic-trawl,1417.51,both,True
MPL-0757,S1:72.3,category,,164.468432099,S1:72.3,category,,164.468,both,True
MPL-0758,S1:72.4,category,,69.7903676125,S1:72.4,category,,69.7904,both,True
MPL-0759,S1:73.3,category,,1096.0054338,S1:73.3,category,,1096.01,both,True
MPL-0760,S1:73.4,category,,600.009456161,S1:73.4,category,,600.009,both,True
MPL-0761,S1:73.4,category,,384.911726594,S1:73.4,category,,384.912,both,True
MPL-0762,S1:74.3,accepted,plastic-trawl,1026.323987,S1:74.3,accepted,plastic-trawl,1026.32,both,True
MPL-0763,S1:75.3,accepted,plastic-trawl,1518.942464,S1:75.3,accepted,plastic-trawl,1518.94,both,True
MPL-0764,S1:74.3,category,,239.919893146,S1:74.3,category,,239.92,both,True
MPL-0765,S1:75.3,category,,791.138379821,S1:75.3,category,,791.138,both,True
MPL-0766,S1:75.4,category,,189.915254629,S1:75.4,category,,189.915,both,True
MPL-0767,S1:74.4,category,,76.2922566173,S1:74.4,category,,76.2923,both,True
MPL-0768,S1:77.3,accepted,plastic-trawl,376.349309,S1:77.3,accepted,plastic-trawl,376.349,both,True
MPL-0769,S1:78.3,category,,680.959857705,S1:78.3,category,,680.96,both,True
MPL-0770,S1:78.3,accepted,plastic-trawl,748.005286,S1:78.3,accepted,plastic-trawl,748.005,both,True
MPL-0771,S1:78.4,category,,296.426825683,S1:78.4,category,,296.427,both,True
MPL-0772,S1:77.3,category,,62.7248847132,S1:77.3,category,,62.7249,both,True
MPL-0773,S1:77.4,category,,155.727120238,S1:77.4,category,,155.727,both,True
MPL-0774,S1:77.4,category,,22.2467314626,S1:77.4,category,,22.2467,both,True
MPL-0775,S1:79.4,category,,328.34558035,S1:79.4,category,,328.346,both,True
MPL-0776,S1:79.3,category,,120.83352382,S1:79.3,category,,120.834,both,True
MPL-0777,S1:79.4,accepted,plastic-trawl,552.015861,S1:79.4,accepted,plastic-trawl,552.016,both,True
MPL-0778,S1:79.3,accepted,plastic-trawl,361.510331,S1:79.3,accepted,plastic-trawl,361.51,both,True
MPL-0779,S3:HE460_MarLitter_transect01,accepted,litter-visual,19.9,S3:HE460_MarLitter_transect01,accepted,litter-visual,19.9,both,True
MPL-0780,S3:HE460_MarLitter_transect01,category,,0.0,S3:HE460_MarLitter_transect01,category,,0.0,both,True
MPL-0781,S3:HE460_MarLitter_transect01,item_observation,,,S3:HE460_MarLitter_transect01,item_observation,,,both,True
MPL-0782,S3:HE460_MarLitter_transect01,item_observation,,,S3:HE460_MarLitter_transect01,item_observation,,,both,True
MPL-0783,S3:HE460_MarLitter_transect01,item_observation,,,S3:HE460_MarLitter_transect01,item_observation,,,both,True
MPL-0784,S3:HE460_MarLitter_transect02,item_observation,,,S3:HE460_MarLitter_transect02,item_observation,,,both,True
MPL-0785,S3:HE460_MarLitter_transect02,item_observation,,,S3:HE460_MarLitter_transect02,item_observation,,,both,True
MPL-0786,S3:HE460_MarLitter_transect02,item_observation,,,S3:HE460_MarLitter_transect02,item_observation,,,both,True
MPL-0787,S3:HE460_MarLitter_transect02,accepted,litter-visual,32.3,S3:HE460_MarLitter_transect02,accepted,litter-visual,32.3,both,True
MPL-0788,S3:HE460_MarLitter_transect02,category,,0.0,S3:HE460_MarLitter_transect02,category,,0.0,both,True
MPL-0789,S3:HE460_MarLitter_transect02,item_observation,,,S3:HE460_MarLitter_transect02,item_observation,,,both,True
MPL-0790,S3:HE460_MarLitter_transect02,item_observation,,,S3:HE460_MarLitter_transect02,item_observation,,,both,True
MPL-0791,S3:HE460_MarLitter_transect02,item_observation,,,S3:HE460_MarLitter_transect02,item_observation,,,both,True
MPL-0792,S3:HE460_MarLitter_transect02,item_observation,,,S3:HE460_MarLitter_transect02,item_observation,,,both,True
MPL-0793,S3:HE460_MarLitter_transect03,item_observation,,,S3:HE460_MarLitter_transect03,item_observation,,,both,True
MPL-0794,S3:HE460_MarLitter_transect03,item_observation,,,S3:HE460_MarLitter_transect03,item_observation,,,both,True
MPL-0795,S3:HE460_MarLitter_transect03,item_observation,,,S3:HE460_MarLitter_transect03,item_observation,,,both,True
MPL-0796,S3:HE460_MarLitter_transect03,item_observation,,,S3:HE460_MarLitter_transect03,item_observation,,,both,True
MPL-0797,S3:HE460_MarLitter_transect03,item_observation,,,S3:HE460_MarLitter_transect03,item_observation,,,both,True
MPL-0798,S3:HE460_MarLitter_transect03,accepted,litter-visual,52.3,S3:HE460_MarLitter_transect03,accepted,litter-visual,52.3,both,True
MPL-0799,S3:HE460_MarLitter_transect03,category,,4.361,S3:HE460_MarLitter_transect03,category,,4.361,both,True
MPL-0800,S3:HE460_MarLitter_transect03,item_observation,,,S3:HE460_MarLitter_transect03,item_observation,,,both,True
MPL-0801,S3:HE460_MarLitter_transect03,item_observation,,,S3:HE460_MarLitter_transect03,item_observation,,,both,True
MPL-0802,S3:HE460_MarLitter_transect03,item_observation,,,S3:HE460_MarLitter_transect03,item_observation,,,both,True
MPL-0803,S3:HE460_MarLitter_transect03,item_observation,,,S3:HE460_MarLitter_transect03,item_observation,,,both,True
MPL-0804,S3:HE460_MarLitter_transect03,item_observation,,,S3:HE460_MarLitter_transect03,item_observation,,,both,True
MPL-0805,S3:HE460_MarLitter_transect03,item_observation,,,S3:HE460_MarLitter_transect03,item_observation,,,both,True
MPL-0806,S1:458,category,,0.187157320794,S1:458,category,,0.187157,both,True
MPL-0807,S1:458,category,,0.187157320794,S1:458,category,,0.187157,both,True
MPL-0808,S1:458,category,,0.0,S1:458,category,,0.0,both,True
MPL-0809,S1:461,profile_not_targeted,,,S1:461,profile_not_targeted,,,both,True
MPL-0810,S1:461,category,,0.0936572149678,S1:461,category,,0.093657,both,True
MPL-0811,S1:461,category,,0.0936572149678,S1:461,category,,0.093657,both,True
MPL-0812,S1:457,profile_not_targeted,,,S1:457,profile_not_targeted,,,both,True
MPL-0813,S1:457,category,,0.744092463906,S1:457,category,,0.744092,both,True
MPL-0814,S1:457,category,,0.372046231953,S1:457,category,,0.372046,both,True
MPL-0815,S1:459,profile_not_targeted,,0.0,S1:459,profile_not_targeted,,0.0,both,True
MPL-0816,S1:462,category,,0.0,S1:462,category,,0.0,both,True
MPL-0817,S1:462,category,,0.135243000566,S1:462,category,,0.135243,both,True
MPL-0818,S1:455,category,,0.19289159743,S1:455,category,,0.192892,both,True
MPL-0819,S1:455,category,,0.868012188434,S1:455,category,,0.868012,both,True
MPL-0820,S1:455,category,,0.0964457987149,S1:455,category,,0.096446,both,True
MPL-0821,S1:453,category,,0.752832697707,S1:453,category,,0.752833,both,True
MPL-0822,S1:453,category,,0.56462452328,S1:453,category,,0.564625,both,True
MPL-0823,S1:453,category,,0.56462452328,S1:453,category,,0.564625,both,True
MPL-0824,S1:460,category,,0.186391396397,S1:460,category,,0.186391,both,True
MPL-0825,S1:451,category,,0.464920666402,S1:451,category,,0.464921,both,True
MPL-0826,S1:451,category,,0.278952399841,S1:451,category,,0.278952,both,True
MPL-0827,S1:451,category,,0.278952399841,S1:451,category,,0.278952,both,True
MPL-0828,S1:450,profile_not_targeted,,,S1:450,profile_not_targeted,,,both,True
MPL-0829,S1:450,category,,0.373164961303,S1:450,category,,0.373165,both,True
MPL-0830,S1:450,category,,0.279873720977,S1:450,category,,0.279874,both,True
MPL-0831,S1:450,category,,0.279873720977,S1:450,category,,0.279874,both,True
MPL-0832,S1:452,profile_not_targeted,,,S1:452,profile_not_targeted,,,both,True
MPL-0833,S1:452,category,,1.51956804759,S1:452,category,,1.51957,both,True
MPL-0834,S1:452,category,,0.474865014871,S1:452,category,,0.474865,both,True
MPL-0835,S1:452,category,,0.379892011897,S1:452,category,,0.379892,both,True
MPL-0836,S1:449,category,,0.636935024984,S1:449,category,,0.636935,both,True
MPL-0837,S1:449,category,,0.545944307129,S1:449,category,,0.545944,both,True
MPL-0838,S1:449,category,,0.36396287142,S1:449,category,,0.363963,both,True
MPL-0839,S1:447,category,,0.540636881059,S1:447,category,,0.540637,both,True
MPL-0840,S1:447,category,,0.991167615274,S1:447,category,,0.991168,both,True
MPL-0841,S1:448,profile_not_targeted,,,S1:448,profile_not_targeted,,,both,True
MPL-0842,S1:448,category,,0.547847393456,S1:448,category,,0.547847,both,True
MPL-0843,S1:448,category,,0.456539494547,S1:448,category,,0.456539,both,True
MPL-0844,S1:448,category,,0.0913078989094,S1:448,category,,0.091308,both,True
MPL-0845,S1:456,profile_not_targeted,,,S1:456,profile_not_targeted,,,both,True
MPL-0846,S1:456,category,,0.845448850204,S1:456,category,,0.845449,both,True
MPL-0847,S1:456,category,,0.187877522267,S1:456,category,,0.187878,both,True
MPL-0848,S1:454,profile_not_targeted,,,S1:454,profile_not_targeted,,,both,True
MPL-0849,S1:454,category,,0.277975423452,S1:454,category,,0.277975,both,True
MPL-0850,S1:454,category,,0.277975423452,S1:454,category,,0.277975,both,True
MPL-0851,S1:454,category,,0.0926584744838,S1:454,category,,0.092658,both,True
MPL-0852,S1:463,profile_not_targeted,,,S1:463,profile_not_targeted,,,both,True
MPL-0853,S1:463,category,,1.25992713551,S1:463,category,,1.25993,both,True
MPL-0854,S1:463,category,,0.290752415886,S1:463,category,,0.290752,both,True
MPL-0855,S1:463,category,,0.775339775696,S1:463,category,,0.77534,both,True
MPL-0856,S1:464,category,,1.44865923802,S1:464,category,,1.44866,both,True
MPL-0857,S1:464,category,,1.00291793401,S1:464,category,,1.00292,both,True
MPL-0858,S1:464,category,,1.11435326001,S1:464,category,,1.11435,both,True
MPL-0859,S1:465,profile_not_targeted,,,S1:465,profile_not_targeted,,,both,True
MPL-0860,S1:465,category,,0.74871384999,S1:465,category,,0.748714,both,True
MPL-0861,S1:465,category,,0.74871384999,S1:465,category,,0.748714,both,True
MPL-0862,S1:466,category,,0.0943918231007,S1:466,category,,0.094392,both,True
MPL-0863,S1:466,category,,1.51026916961,S1:466,category,,1.51027,both,True
MPL-0864,S1:466,category,,0.471959115503,S1:466,category,,0.471959,both,True
MPL-0865,S1:467,profile_not_targeted,,,S1:467,profile_not_targeted,,,both,True
MPL-0866,S1:467,category,,0.283192603915,S1:467,category,,0.283193,both,True
MPL-0867,S1:467,category,,0.943975346385,S1:467,category,,0.943975,both,True
MPL-0868,S1:467,category,,0.0943975346385,S1:467,category,,0.094398,both,True
MPL-0869,S1:468,profile_not_targeted,,,S1:468,profile_not_targeted,,,both,True
MPL-0870,S1:468,category,,0.66283510102,S1:468,category,,0.662835,both,True
MPL-0871,S1:468,category,,5.11329935072,S1:468,category,,5.1133,both,True
MPL-0872,S1:468,category,,0.946907287171,S1:468,category,,0.946907,both,True
MPL-0873,S1:468,category,,0.284072186151,S1:468,category,,0.284072,both,True
MPL-0874,S1:469,category,,1.6505085547,S1:469,category,,1.65051,both,True
MPL-0875,S1:469,category,,0.880271229171,S1:469,category,,0.880271,both,True
MPL-0876,S1:469,category,,0.110033903646,S1:469,category,,0.110034,both,True
MPL-0877,S1:470,profile_not_targeted,,,S1:470,profile_not_targeted,,,both,True
MPL-0878,S1:470,category,,0.33799301774,S1:470,category,,0.337993,both,True
MPL-0879,S1:470,category,,0.33799301774,S1:470,category,,0.337993,both,True
MPL-0880,S1:471,category,,0.191200951339,S1:471,category,,0.191201,both,True
MPL-0881,S1:471,category,,0.286801427009,S1:471,category,,0.286801,both,True
MPL-0882,S1:471,category,,0.0956004756697,S1:471,category,,0.0956,both,True
MPL-0883,S1:472,profile_not_targeted,,,S1:472,profile_not_targeted,,,both,True
MPL-0884,S1:472,category,,1.79945747304,S1:472,category,,1.79946,both,True
MPL-0885,S1:472,category,,2.9359569297,S1:472,category,,2.93596,both,True
MPL-0886,S1:472,category,,0.18941657611,S1:472,category,,0.189417,both,True
MPL-0887,S1:473,category,,0.283424244809,S1:473,category,,0.283424,both,True
MPL-0888,S1:473,category,,0.377898993079,S1:473,category,,0.377899,both,True
MPL-0889,S1:473,category,,0.283424244809,S1:473,category,,0.283424,both,True
MPL-0890,S1:474,profile_not_targeted,,,S1:474,profile_not_targeted,,,both,True
MPL-0891,S1:474,category,,0.187979253106,S1:474,category,,0.187979,both,True
MPL-0892,S1:474,category,,0.65792738587,S1:474,category,,0.657927,both,True
MPL-0893,S1:475,category,,1.41022440901,S1:475,category,,1.41022,both,True
MPL-0894,S1:475,category,,1.59825433021,S1:475,category,,1.59825,both,True
MPL-0895,S1:475,category,,0.282044881802,S1:475,category,,0.282045,both,True
MPL-0896,S1:476,profile_not_targeted,,,S1:476,profile_not_targeted,,,both,True
MPL-0897,S1:476,category,,0.279838764366,S1:476,category,,0.279839,both,True
MPL-0898,S1:476,category,,2.05215093869,S1:476,category,,2.05215,both,True
MPL-0899,S1:476,category,,1.39919382183,S1:476,category,,1.39919,both,True
MPL-0900,S1:476,category,,0.373118352488,S1:476,category,,0.373118,both,True
MPL-0901,S1:477,category,,1.52323388647,S1:477,category,,1.52323,both,True
MPL-0902,S1:477,category,,0.380808471618,S1:477,category,,0.380808,both,True
MPL-0903,S4:DOORS3:T2,accepted,litter-visual,439.84,S4:DOORS3:T2,accepted,litter-visual,439.84,both,True
MPL-0904,S4:DOORS3:T1,accepted,litter-visual,192.54,S4:DOORS3:T1,accepted,litter-visual,192.54,both,True
MPL-0905,S4:DOORS3:T10,accepted,litter-visual,256.07,S4:DOORS3:T10,accepted,litter-visual,256.07,both,True
MPL-0906,S4:DOORS3:T9,accepted,litter-visual,164.29,S4:DOORS3:T9,accepted,litter-visual,164.29,both,True
MPL-0907,S4:DOORS3:T8,accepted,litter-visual,217.98,S4:DOORS3:T8,accepted,litter-visual,217.98,both,True
MPL-0908,S4:DOORS3:T7,accepted,litter-visual,131.17,S4:DOORS3:T7,accepted,litter-visual,131.17,both,True
MPL-0909,S4:DOORS3:T6,accepted,litter-visual,268.24,S4:DOORS3:T6,accepted,litter-visual,268.24,both,True
MPL-0910,S4:DOORS3:T5,accepted,litter-visual,389.72,S4:DOORS3:T5,accepted,litter-visual,389.72,both,True
MPL-0911,S4:DOORS3:T4,accepted,litter-visual,269.64,S4:DOORS3:T4,accepted,litter-visual,269.64,both,True
MPL-0912,S4:DOORS3:T3,accepted,litter-visual,686.06,S4:DOORS3:T3,accepted,litter-visual,686.06,both,True
MPL-0913,S4:DOORS3:T17,accepted,litter-visual,89.61,S4:DOORS3:T17,accepted,litter-visual,89.61,both,True
MPL-0914,S4:DOORS3:T16,accepted,litter-visual,64.91,S4:DOORS3:T16,accepted,litter-visual,64.91,both,True
MPL-0915,S4:DOORS3:T15,accepted,litter-visual,127.14,S4:DOORS3:T15,accepted,litter-visual,127.14,both,True
MPL-0916,S4:DOORS3:T14,accepted,litter-visual,89.39,S4:DOORS3:T14,accepted,litter-visual,89.39,both,True
MPL-0917,S4:DOORS3:T13,accepted,litter-visual,263.57,S4:DOORS3:T13,accepted,litter-visual,263.57,both,True
MPL-0918,S4:DOORS3:T12,accepted,litter-visual,48.97,S4:DOORS3:T12,accepted,litter-visual,48.97,both,True
MPL-0919,S4:DOORS3:T11,accepted,litter-visual,62.52,S4:DOORS3:T11,accepted,litter-visual,62.52,both,True
MPL-0920,S4:DOORS3:T19,accepted,litter-visual,544.69,S4:DOORS3:T19,accepted,litter-visual,544.69,both,True
MPL-0921,S4:DOORS3:T18,accepted,litter-visual,348.74,S4:DOORS3:T18,accepted,litter-visual,348.74,both,True
MPL-0922,S4:DOORS3:T21,accepted,litter-visual,67.34,S4:DOORS3:T21,accepted,litter-visual,67.34,both,True
MPL-0923,S4:DOORS3:T20,accepted,litter-visual,224.92,S4:DOORS3:T20,accepted,litter-visual,224.92,both,True
MPL-0924,S4:DOORS3:T22,accepted,litter-visual,814.08,S4:DOORS3:T22,accepted,litter-visual,814.08,both,True
MPL-0925,S4:DOORS3:T24,accepted,litter-visual,600.49,S4:DOORS3:T24,accepted,litter-visual,600.49,both,True
MPL-0926,S4:DOORS3:T23,accepted,litter-visual,102.37,S4:DOORS3:T23,accepted,litter-visual,102.37,both,True
MPL-0927,S4:DOORS3:T25,accepted,litter-visual,976.01,S4:DOORS3:T25,accepted,litter-visual,976.01,both,True
MPL-0928,S4:DOORS3:T26,accepted,litter-visual,85.69,S4:DOORS3:T26,accepted,litter-visual,85.69,both,True
MPL-0929,S4:DOORS3:T27,accepted,litter-visual,144.3,S4:DOORS3:T27,accepted,litter-visual,144.3,both,True
MPL-0930,S4:DOORS3:T28,accepted,litter-visual,356.56,S4:DOORS3:T28,accepted,litter-visual,356.56,both,True
MPL-0931,S4:DOORS3:T29,accepted,litter-visual,85.96,S4:DOORS3:T29,accepted,litter-visual,85.96,both,True
MPL-0932,S4:DOORS3:T32,accepted,litter-visual,198.51,S4:DOORS3:T32,accepted,litter-visual,198.51,both,True
MPL-0933,S4:DOORS3:T31,accepted,litter-visual,345.29,S4:DOORS3:T31,accepted,litter-visual,345.29,both,True
MPL-0934,S4:DOORS3:T30,accepted,litter-visual,587.41,S4:DOORS3:T30,accepted,litter-visual,587.41,both,True
MPL-0935,S4:DOORS3:T33,accepted,litter-visual,340.86,S4:DOORS3:T33,accepted,litter-visual,340.86,both,True
