measurement_profile,fold,train_n,test_n,train_groups,test_groups,event_overlap,group_overlap,scene_overlap,neighbor_edges_across_split,nearest_train_test_km
S1_trawl_5_to_50,0,66,17,45,10,0,0,0,0,50.205052110950426
S1_trawl_5_to_50,1,66,17,44,11,0,0,0,0,50.55654019866566
S1_trawl_5_to_50,2,66,17,43,12,0,0,0,0,50.29005225427774
S1_trawl_5_to_50,3,67,16,44,11,0,0,0,0,50.205052110950426
S1_trawl_5_to_50,4,67,16,44,11,0,0,0,0,50.75403957334447
S2_visual_GT2,0,50,13,33,8,0,0,0,0,51.068977370354126
S2_visual_GT2,1,50,13,33,8,0,0,0,0,52.169743441787524
S2_visual_GT2,2,50,13,32,9,0,0,0,0,52.05804700923343
S2_visual_GT2,3,51,12,33,8,0,0,0,0,52.68216388222607
S2_visual_GT2,4,51,12,33,8,0,0,0,0,51.068977370354126
S3_visual_GT2,0,20,21,7,1,0,0,0,0,33.46055779340531
S3_visual_GT2,1,35,6,7,1,0,0,0,0,28.086544869145268
S3_visual_GT2,2,36,5,7,1,0,0,0,0,19.083350470992873
S3_visual_GT2,3,36,5,6,2,0,0,0,0,24.12426466879538
S3_visual_GT2,4,37,4,5,3,0,0,0,0,19.083350470992873
S4_visual_GT2_5,0,25,8,8,1,0,0,0,0,102.58027870417415
S4_visual_GT2_5,1,26,7,8,1,0,0,0,0,23.14199205753611
S4_visual_GT2_5,2,27,6,7,2,0,0,0,0,35.09641211546308
S4_visual_GT2_5,3,27,6,6,3,0,0,0,0,6.859033854894988
S4_visual_GT2_5,4,27,6,7,2,0,0,0,0,6.859033854894988
