measurement_profile,feature,n_pairs,spearman_rho
S1_trawl_5_to_50,latitude,83,0.45121951219512196
S1_trawl_5_to_50,longitude,83,-0.11317744846983754
S1_trawl_5_to_50,sea_state_beaufort,83,-0.008929885540383556
S1_trawl_5_to_50,wind_speed_kn,82,0.06239639123615643
S1_trawl_5_to_50,sampled_area_km2,83,-0.40825322194702157
S1_trawl_5_to_50,transect_length_km,83,-0.40825322194702157
S2_visual_GT2,latitude,63,0.3473784007834727
S2_visual_GT2,longitude,63,0.40125768049155147
S2_visual_GT2,sea_state_beaufort,0,
S2_visual_GT2,wind_speed_kn,0,
S2_visual_GT2,sampled_area_km2,63,0.1303283410138249
S2_visual_GT2,transect_length_km,63,0.13344854070660522
S3_visual_GT2,latitude,41,0.09573587708893817
S3_visual_GT2,longitude,41,-0.07247386759581882
S3_visual_GT2,sea_state_beaufort,0,
S3_visual_GT2,wind_speed_kn,0,
S3_visual_GT2,sampled_area_km2,41,0.07258943523565103
S3_visual_GT2,transect_length_km,41,0.06445993031358886
S4_visual_GT2_5,latitude,33,0.1644385026737968
S4_visual_GT2_5,longitude,33,-0.0661764705882353
S4_visual_GT2_5,sea_state_beaufort,0,
S4_visual_GT2_5,wind_speed_kn,0,
S4_visual_GT2_5,sampled_area_km2,0,
S4_visual_GT2_5,transect_length_km,0,
