measurement_profile,model,fold,event_id,sample_id,group,y_true,y_pred,train_p10,train_p90,interval_covered,error,abs_error,date_utc,latitude,longitude,quality_flags
S1_trawl_5_to_50,spatial_knn_log1p,3,S1:41.3,MPL-0654,G078,2209.120417,469.30069622619453,152.00036699999998,1165.7941522,False,-1739.8197207738056,1739.8197207738056,2015-08-07,30.965825,-137.3956835,
S1_trawl_5_to_50,spatial_knn_log1p,2,S1:19.4,MPL-0590,G064,2109.259348,402.7804927537733,165.3511335,1421.6800395,False,-1706.4788552462269,1706.4788552462269,2015-08-01,30.010985,-142.26325,
S1_trawl_5_to_50,spatial_knn_log1p,3,S1:25.3,MPL-0607,G065,1719.436293,373.5853968784978,152.00036699999998,1165.7941522,False,-1345.850896121502,1345.850896121502,2015-08-03,30.00105,-139.342975,
S1_trawl_5_to_50,spatial_knn_log1p,3,S1:42.3,MPL-0656,G078,1706.702091,414.85488586266155,152.00036699999998,1165.7941522,False,-1291.8472051373385,1291.8472051373385,2015-08-07,30.988835,-137.914525,
S1_trawl_5_to_50,spatial_knn_log1p,4,S1:50.3,MPL-0687,G085,280.885892,1479.5383386246297,206.19228880000003,1420.8453220000001,True,1198.6524466246296,1198.6524466246296,2015-08-09,30.996965,-142.37745,
S4_visual_GT2_5,spatial_knn_log1p,2,S4:DOORS3:T25,MPL-0927,G108,976.01,200.0284601797981,66.368,451.70800000000037,False,-775.9815398202019,775.9815398202019,2024-06-11,42.037,41.67792,all_litter_not_plastic;numerator_area_unavailable;source_not_revalidated_in_repair
S4_visual_GT2_5,spatial_knn_log1p,2,S4:DOORS3:T22,MPL-0924,G108,814.08,203.13572062709832,66.368,451.70800000000037,False,-610.9442793729017,610.9442793729017,2024-06-09,42.17581,41.57697,all_litter_not_plastic;numerator_area_unavailable;source_not_revalidated_in_repair
S4_visual_GT2_5,spatial_knn_log1p,2,S4:DOORS3:T24,MPL-0925,G108,600.49,202.89118633423078,66.368,451.70800000000037,False,-397.5988136657692,397.5988136657692,2024-06-10,42.19727,41.57478,all_litter_not_plastic;numerator_area_unavailable;source_not_revalidated_in_repair
S4_visual_GT2_5,spatial_knn_log1p,0,S4:DOORS3:T3,MPL-0912,G105,686.06,344.63679421004247,65.882,595.258,False,-341.4232057899575,341.4232057899575,2024-06-03,43.13,32.45125,all_litter_not_plastic;numerator_area_unavailable;source_not_revalidated_in_repair
S4_visual_GT2_5,spatial_knn_log1p,3,S4:DOORS3:T19,MPL-0920,G107,544.69,252.28348105496627,77.378,634.7180000000002,True,-292.4065189450338,292.4065189450338,2024-06-05,41.77479,41.24776,all_litter_not_plastic;numerator_area_unavailable;source_not_revalidated_in_repair
S3_visual_GT2,spatial_knn_log1p,2,S3:HE419_MarLitter_transect30,MPL-0158,G004,195.1,22.95544628631046,9.5,52.25,False,-172.14455371368953,172.14455371368953,2014-04-11,54.554,8.014,all_litter_not_plastic
S3_visual_GT2,spatial_knn_log1p,0,S3:HE419_MarLitter_transect23,MPL-0114,G002,145.7,38.589295072889406,8.110000000000001,44.02000000000002,False,-107.11070492711059,107.11070492711059,2014-04-10,55.11,6.403,all_litter_not_plastic
S2_visual_GT2,spatial_knn_log1p,4,S2:MSM41_litter-T58,MPL-0472,G041,222.699113253,118.87354481926286,15.3759417764,98.6625739969,False,-103.82556843373715,103.82556843373715,2015-04-23,29.141217,-58.026608,author_area_replaces_endpoint_distance
S2_visual_GT2,spatial_knn_log1p,2,S2:MSM41_litter-T14,MPL-0246,G014,98.2111539811,24.351857169432396,15.184423786670001,93.31815125035,False,-73.8592968116676,73.8592968116676,2015-04-06,24.508533,-69.861,author_area_replaces_endpoint_distance
S2_visual_GT2,spatial_knn_log1p,4,S2:MSM41_litter-T48,MPL-0401,G035,124.084140865,51.928149264274566,15.3759417764,98.6625739969,False,-72.15599160072543,72.15599160072543,2015-04-20,27.904742,-61.000667,author_area_replaces_endpoint_distance
S2_visual_GT2,spatial_knn_log1p,0,S2:MSM41_litter-T46,MPL-0389,G034,93.0933593404,36.91182436400714,12.91227839084,103.03524969910004,True,-56.18153497639286,56.18153497639286,2015-04-19,26.212167,-60.998959,author_area_replaces_endpoint_distance
S2_visual_GT2,spatial_knn_log1p,2,S2:MSM41_litter-T55,MPL-0455,G039,162.327902363,108.2180511422999,15.184423786670001,93.31815125035,False,-54.109851220700094,54.109851220700094,2015-04-22,30.948067,-59.019942,author_area_replaces_endpoint_distance;companion_count_differs_sum_float_items
S3_visual_GT2,spatial_knn_log1p,0,S3:HE419_MarLitter_transect13,MPL-0051,G002,76.9,26.97951866439596,8.110000000000001,44.02000000000002,False,-49.920481335604045,49.920481335604045,2014-04-07,54.971,5.131,all_litter_not_plastic
S3_visual_GT2,spatial_knn_log1p,0,S3:HE419_MarLitter_transect25,MPL-0132,G002,65.1,37.4133857681434,8.110000000000001,44.02000000000002,False,-27.686614231856595,27.686614231856595,2014-04-10,55.263,6.331,all_litter_not_plastic
S3_visual_GT2,spatial_knn_log1p,0,S3:HE419_MarLitter_transect05,MPL-0027,G002,52.2,26.528218572661448,8.110000000000001,44.02000000000002,False,-25.671781427338555,25.671781427338555,2014-04-06,54.756,5.625,all_litter_not_plastic
