split,class_id,confidence,pixels
test,1,1,129
test,1,2,198
test,1,3,103
test,2,1,1889
test,3,1,1041
test,3,2,76
test,3,3,3
test,4,1,3
test,4,2,42
test,4,3,10
test,5,1,1174
test,5,2,4
test,6,1,36623
test,6,2,9
test,6,3,9
test,7,1,26598
test,7,2,14
test,8,1,155114
test,8,3,20
test,9,1,414
test,9,2,7
test,9,3,8
test,10,1,47555
test,11,1,2518
test,12,1,1024
test,12,3,841
test,13,1,3919
test,14,1,1581
test,15,1,93
test,15,2,1
test,15,3,1
train,1,1,948
train,1,2,653
train,1,3,307
train,2,1,870
train,3,1,893
train,3,2,194
train,3,3,4
train,4,1,467
train,4,2,138
train,4,3,64
train,5,1,3245
train,5,2,8
train,6,1,63891
train,7,1,86462
train,8,1,126539
train,9,1,277
train,9,2,72
train,9,3,7
train,10,1,83055
train,11,1,13852
train,12,1,2937
train,12,2,38
train,13,1,5640
train,14,1,4971
train,14,2,3
train,15,1,214
train,15,2,5
val,1,1,548
val,1,2,384
val,1,3,129
val,2,1,38
val,3,1,118
val,3,2,20
val,3,3,8
val,4,1,86
val,4,2,21
val,4,3,33
val,5,1,1336
val,5,2,36
val,6,1,16868
val,7,1,16083
val,7,2,2
val,8,1,91264
val,9,1,429
val,9,2,11
val,10,1,27002
val,11,1,999
val,12,1,904
val,12,2,83
val,13,1,2169
val,14,1,1935
val,15,1,93
val,15,2,3
