class_id,class_name,band,p10,median,p90,n
1,Marine Debris,B01,0.030755355954170227,0.04979851096868515,0.06779548525810242,1908
1,Marine Debris,B02,0.03777070380747318,0.06388961151242256,0.09930829480290412,1908
1,Marine Debris,B03,0.030492228269577027,0.057319674640893936,0.09804040119051934,1908
1,Marine Debris,B04,0.026612940803170206,0.055905185639858246,0.10608293935656547,1908
1,Marine Debris,B05,0.016824507713317872,0.0381292961537838,0.0751241147518158,1908
1,Marine Debris,B06,0.017805329710245135,0.03981814533472061,0.0799924112856388,1908
1,Marine Debris,B07,0.01848542522639036,0.0431763157248497,0.08869206160306929,1908
1,Marine Debris,B08,0.026626708358526232,0.05416282266378403,0.10823464468121527,1908
1,Marine Debris,B8A,0.018660664744675162,0.04450692795217037,0.09329640865325928,1908
1,Marine Debris,B11,0.004669529385864735,0.018416721373796463,0.03867908380925655,1908
1,Marine Debris,B12,0.0027464590966701508,0.010258783586323261,0.02256363444030285,1908
2,Dense Sargassum,B01,0.027258381247520447,0.05219203978776932,0.08571663498878479,870
2,Dense Sargassum,B02,0.02536397986114025,0.04472460597753525,0.07859896868467331,870
2,Dense Sargassum,B03,0.03221239522099495,0.05467050150036812,0.07512754872441292,870
2,Dense Sargassum,B04,0.027503284625709057,0.05002029612660408,0.07222329303622246,870
2,Dense Sargassum,B05,0.05983646549284458,0.1054735854268074,0.14644041657447815,870
2,Dense Sargassum,B06,0.07727795019745827,0.12910370528697968,0.18740561604499817,870
2,Dense Sargassum,B07,0.08791167065501214,0.14947129786014557,0.2261677086353302,870
2,Dense Sargassum,B08,0.1028705470263958,0.15568403899669647,0.20868729054927826,870
2,Dense Sargassum,B8A,0.08548062518239022,0.15064533054828644,0.22915121912956238,870
2,Dense Sargassum,B11,0.006021672952920199,0.017761871218681335,0.044064323976635934,870
2,Dense Sargassum,B12,0.0033631185069680214,0.01185960229486227,0.03397405333817005,870
3,Sparse Sargassum,B01,0.027258381247520447,0.03221907466650009,0.06672077625989914,1091
3,Sparse Sargassum,B02,0.021419191733002663,0.027452871203422546,0.0524253286421299,1091
3,Sparse Sargassum,B03,0.013949704356491566,0.022277379408478737,0.042045630514621735,1091
3,Sparse Sargassum,B04,0.009214334189891815,0.01697646640241146,0.037206389009952545,1091
3,Sparse Sargassum,B05,0.013211497105658054,0.027529900893568993,0.061415329575538635,1091
3,Sparse Sargassum,B06,0.015068485401570797,0.032234348356723785,0.06920040398836136,1091
3,Sparse Sargassum,B07,0.01639481820166111,0.036248672753572464,0.07824517041444778,1091
3,Sparse Sargassum,B08,0.015136634930968285,0.03955525904893875,0.07904434949159622,1091
3,Sparse Sargassum,B8A,0.015987565740942955,0.0353400781750679,0.07487346231937408,1091
3,Sparse Sargassum,B11,0.0022694056387990713,0.004028619267046452,0.022024398669600487,1091
3,Sparse Sargassum,B12,0.001362217590212822,0.002462713047862053,0.01627252623438835,1091
4,Natural Organic Material,B01,0.04294755682349205,0.048165202140808105,0.05943711027503014,669
4,Natural Organic Material,B02,0.040286172181367874,0.055444229394197464,0.06858260929584503,669
4,Natural Organic Material,B03,0.03310047462582588,0.054705265909433365,0.07698422819375993,669
4,Natural Organic Material,B04,0.03342031836509705,0.06065307930111885,0.11106829345226288,669
4,Natural Organic Material,B05,0.027382969856262207,0.051856234669685364,0.1270057111978531,669
4,Natural Organic Material,B06,0.03130944445729256,0.057659655809402466,0.14674201607704163,669
4,Natural Organic Material,B07,0.036299433559179306,0.06604849547147751,0.17672108113765717,669
4,Natural Organic Material,B08,0.04317026287317276,0.08508159965276718,0.186830073595047,669
4,Natural Organic Material,B8A,0.04096525833010673,0.07987506687641144,0.21762385964393616,669
4,Natural Organic Material,B11,0.018972311168909073,0.041297607123851776,0.16423198580741882,669
4,Natural Organic Material,B12,0.0100449800491333,0.021055642515420914,0.08086326271295552,669
5,Ship,B01,0.044777236878871925,0.06608083099126816,0.09347913414239883,3253
5,Ship,B02,0.050975698977708817,0.09079401195049286,0.18494145870208745,3253
5,Ship,B03,0.04880646318197251,0.09067653864622116,0.1841450870037079,3253
5,Ship,B04,0.04470821395516396,0.09996863454580307,0.2023933231830597,3253
5,Ship,B05,0.041723918914794926,0.0875522643327713,0.16898609697818756,3253
5,Ship,B06,0.041614522039890293,0.09040582925081253,0.17584863305091858,3253
5,Ship,B07,0.0436365507543087,0.09822533279657364,0.18971207737922668,3253
5,Ship,B08,0.041003713756799696,0.09555122256278992,0.18794902563095092,3253
5,Ship,B8A,0.04382289573550224,0.10202482342720032,0.19358468055725098,3253
5,Ship,B11,0.022929053753614426,0.06878568232059479,0.14110900759696968,3253
5,Ship,B12,0.012667306698858738,0.04246002435684204,0.08949025720357895,3253
6,Clouds,B01,0.06202675402164459,0.1209956705570221,0.5623303651809692,63891
6,Clouds,B02,0.05076493322849274,0.1133960708975792,0.5591973662376404,63891
6,Clouds,B03,0.039674289524555206,0.09754014015197754,0.5334094762802124,63891
6,Clouds,B04,0.03416046127676964,0.09175994992256165,0.5591740608215332,63891
6,Clouds,B05,0.03215993940830231,0.0872628465294838,0.5399253368377686,63891
6,Clouds,B06,0.03288161754608154,0.09011596441268921,0.5488467812538147,63891
6,Clouds,B07,0.03464224934577942,0.09542311728000641,0.5846872329711914,63891
6,Clouds,B08,0.028749100863933563,0.08548976480960846,0.5423205494880676,63891
6,Clouds,B8A,0.03449465334415436,0.09602335840463638,0.5967063903808594,63891
6,Clouds,B11,0.025243552401661873,0.07818566262722015,0.4463004469871521,63891
6,Clouds,B12,0.019265465438365936,0.06287579983472824,0.3120778203010559,63891
7,Marine Water,B01,0.0273467767983675,0.03172959387302399,0.06490709632635117,86462
7,Marine Water,B02,0.019616279751062393,0.027734193950891495,0.058502327650785446,86462
7,Marine Water,B03,0.007045513950288296,0.019380537793040276,0.044988855719566345,86462
7,Marine Water,B04,0.003578290343284607,0.012050127610564232,0.037648458033800125,86462
7,Marine Water,B05,0.0026275578420609236,0.009778261184692383,0.033761631697416306,86462
7,Marine Water,B06,0.0030504311434924603,0.008941500447690487,0.03434325382113457,86462
7,Marine Water,B07,0.0034344180021435022,0.009385254234075546,0.03624454885721207,86462
7,Marine Water,B08,0.002554813399910927,0.00764261931180954,0.03238055855035782,86462
7,Marine Water,B8A,0.0029136270750313997,0.008524596691131592,0.03612527437508141,86462
7,Marine Water,B11,0.0010675517842173576,0.0040865070186555386,0.026477204635739326,86462
7,Marine Water,B12,0.00074555235914886,0.002856046427041292,0.019858278334140778,86462
8,Sediment-Laden Water,B01,0.06089848652482033,0.06572403758764267,0.07818540930747986,126539
8,Sediment-Laden Water,B02,0.06921576708555222,0.07637068629264832,0.08873270452022552,126539
8,Sediment-Laden Water,B03,0.09412948787212372,0.10615819692611694,0.11997807770967484,126539
8,Sediment-Laden Water,B04,0.10982943326234818,0.13268843293190002,0.15058276057243347,126539
8,Sediment-Laden Water,B05,0.09199876338243484,0.12035185843706131,0.1385432779788971,126539
8,Sediment-Laden Water,B06,0.05578342825174332,0.08951229602098465,0.11375118792057037,126539
8,Sediment-Laden Water,B07,0.060771431773900986,0.09914467483758926,0.12664207816123962,126539
8,Sediment-Laden Water,B08,0.04538775980472565,0.07610557228326797,0.10253547877073288,126539
8,Sediment-Laden Water,B8A,0.041234929114580154,0.07143798470497131,0.10458649694919586,126539
8,Sediment-Laden Water,B11,0.0027015351224690676,0.0042868140153586864,0.01261613704264164,126539
8,Sediment-Laden Water,B12,0.0014550682390108705,0.002655548043549061,0.008758189156651497,126539
9,Foam,B01,0.03062453120946884,0.0636681318283081,0.1940469592809677,356
9,Foam,B02,0.048577116802334785,0.14480767399072647,0.3614408075809479,356
9,Foam,B03,0.05273502320051193,0.1526808813214302,0.3559892475605011,356
9,Foam,B04,0.0429037157446146,0.1406865492463112,0.3618995398283005,356
9,Foam,B05,0.03304911032319069,0.09801376610994339,0.3145945221185684,356
9,Foam,B06,0.026232612319290638,0.08168491721153259,0.29549042880535126,356
9,Foam,B07,0.028554778546094894,0.09647191315889359,0.3091343343257904,356
9,Foam,B08,0.027857663109898567,0.10389292985200882,0.3036824017763138,356
9,Foam,B8A,0.026228396221995354,0.08409436792135239,0.2894718647003174,356
9,Foam,B11,0.010696638375520706,0.02653864212334156,0.061305999755859375,356
9,Foam,B12,0.005747819785028696,0.014756021555513144,0.025655506178736687,356
10,Turbid Water,B01,0.031818121671676636,0.040933750569820404,0.05512486770749092,83055
10,Turbid Water,B02,0.03262006863951683,0.04329381883144379,0.05886811390519142,83055
10,Turbid Water,B03,0.03599582239985466,0.04665079712867737,0.06282009184360504,83055
10,Turbid Water,B04,0.02047377079725265,0.029791533946990967,0.040937017649412155,83055
10,Turbid Water,B05,0.015079457312822342,0.022771386429667473,0.031452473253011703,83055
10,Turbid Water,B06,0.010076437145471573,0.01504219975322485,0.021952860057353973,83055
10,Turbid Water,B07,0.011009338311851025,0.016474243253469467,0.023723114281892776,83055
10,Turbid Water,B08,0.008237053640186787,0.013112857937812805,0.018692541867494583,83055
10,Turbid Water,B8A,0.008184454403817654,0.013695231638848782,0.01998741924762726,83055
10,Turbid Water,B11,0.002200854243710637,0.005890553817152977,0.00961161870509386,83055
10,Turbid Water,B12,0.001254988252185285,0.003851541317999363,0.006557317916303873,83055
11,Shallow Water,B01,0.03244828060269356,0.06045085936784744,0.08204778283834457,13852
11,Shallow Water,B02,0.029069684445858,0.06380145996809006,0.08534343168139455,13852
11,Shallow Water,B03,0.020719440653920174,0.05671032890677452,0.07878670245409011,13852
11,Shallow Water,B04,0.005668208934366703,0.03805047646164894,0.04812942408025265,13852
11,Shallow Water,B05,0.004426238592714071,0.03355364874005318,0.04365027323365208,13852
11,Shallow Water,B06,0.004711155313998461,0.03155647963285446,0.0430489219725132,13852
11,Shallow Water,B07,0.0050203572027385235,0.033865924924612045,0.045775700360536575,13852
11,Shallow Water,B08,0.00397620489820838,0.028909645974636078,0.03846103698015213,13852
11,Shallow Water,B8A,0.004629555623978376,0.032224319875240326,0.045615628361701965,13852
11,Shallow Water,B11,0.0019672063644975424,0.023673344403505325,0.03698870912194252,13852
11,Shallow Water,B12,0.0012452721130102873,0.017273906618356705,0.029779840260744095,13852
12,Waves,B01,0.04042693227529526,0.053020935505628586,0.06949064880609512,2975
12,Waves,B02,0.036498937755823135,0.045633990317583084,0.07018988132476806,2975
12,Waves,B03,0.023012809455394745,0.03666451573371887,0.055107547342777244,2975
12,Waves,B04,0.020100633800029757,0.031154628843069077,0.053193650394678105,2975
12,Waves,B05,0.017758063971996307,0.02590186707675457,0.045937679708004,2975
12,Waves,B06,0.017517659813165665,0.02537083998322487,0.04663153737783432,2975
12,Waves,B07,0.017586255446076393,0.026202654466032982,0.047061361372470856,2975
12,Waves,B08,0.015667085722088817,0.025834407657384872,0.047434867173433294,2975
12,Waves,B8A,0.01673376001417637,0.024677017703652382,0.0448766991496086,2975
12,Waves,B11,0.012624325230717659,0.019024299457669258,0.03936105594038963,2975
12,Waves,B12,0.008458070456981659,0.013460050337016582,0.02792840152978896,2975
13,Cloud Shadows,B01,0.024433478713035583,0.0418144129216671,0.07798022776842117,5640
13,Cloud Shadows,B02,0.02078600972890854,0.030389830470085144,0.0688745304942131,5640
13,Cloud Shadows,B03,0.0148075046017766,0.02301719691604376,0.058073513209819794,5640
13,Cloud Shadows,B04,0.009457506239414215,0.016684846952557564,0.05426418408751488,5640
13,Cloud Shadows,B05,0.008095580153167248,0.014887896366417408,0.05175160989165306,5640
13,Cloud Shadows,B06,0.007511235773563385,0.015599613077938557,0.05321906693279747,5640
13,Cloud Shadows,B07,0.007949938997626305,0.01619054190814495,0.056452397257089615,5640
13,Cloud Shadows,B08,0.006819305010139942,0.013678628951311111,0.050803042948246,5640
13,Cloud Shadows,B8A,0.006842279806733131,0.014687239192426205,0.05565553903579712,5640
13,Cloud Shadows,B11,0.004076410084962845,0.009010810405015945,0.041250504553318024,5640
13,Cloud Shadows,B12,0.00344799249432981,0.006569575984030962,0.033063679933547974,5640
14,Wakes,B01,0.028135458007454872,0.04636627063155174,0.08363477140665054,4974
14,Wakes,B02,0.030150314792990685,0.04617466777563095,0.08494046032428741,4974
14,Wakes,B03,0.024267966113984584,0.03944570943713188,0.07585844174027435,4974
14,Wakes,B04,0.01509231235831976,0.035579830408096313,0.05958571992814541,4974
14,Wakes,B05,0.011545327492058277,0.03246525302529335,0.05204174295067787,4974
14,Wakes,B06,0.010631224140524864,0.0337250642478466,0.05147522911429405,4974
14,Wakes,B07,0.011529100313782693,0.036676496267318726,0.05436849594116211,4974
14,Wakes,B08,0.010378055274486542,0.03131507709622383,0.04925830960273742,4974
14,Wakes,B8A,0.010353065095841885,0.03727959468960762,0.053734924644231796,4974
14,Wakes,B11,0.0056054857559502125,0.02937748096883297,0.04089312255382538,4974
14,Wakes,B12,0.0038483331911265853,0.021963592618703842,0.030466951429843903,4974
15,Mixed Water,B01,0.030909156426787376,0.051556676626205444,0.07737146168947222,219
15,Mixed Water,B02,0.026885223761200904,0.04214921593666077,0.0694837659597397,219
15,Mixed Water,B03,0.02249801568686962,0.03472257778048515,0.06037658080458642,219
15,Mixed Water,B04,0.016403722763061523,0.028009025380015373,0.05332061946392061,219
15,Mixed Water,B05,0.016015338152647017,0.028250057250261307,0.05382983386516571,219
15,Mixed Water,B06,0.015061858110129833,0.030421126633882523,0.056819766759872437,219
15,Mixed Water,B07,0.016648992896080017,0.033308520913124084,0.06205489188432694,219
15,Mixed Water,B08,0.012614456005394459,0.023393332958221436,0.05104651376605034,219
15,Mixed Water,B8A,0.016117857210338118,0.03483223542571068,0.06256637573242188,219
15,Mixed Water,B11,0.0063309773802757265,0.015422726981341839,0.037845879793167114,219
15,Mixed Water,B12,0.004007797408849001,0.00974774919450283,0.027161266654729843,219
